1,Wine - Magnotta - Cab Franc,,FALSE,12.01,,48,null,2018-05-24 13:53:02,2021-03-19 11:20:09,2,42
2,Lettuce - Curly Endive,,FALSE,27.03,,25,null,2014-01-11 11:36:32,2021-05-28 22:42:11,1,60
3,Sobe - Tropical Energy,,TRUE,23.52,,31,null,2017-01-30 08:46:21,2021-05-21 15:04:26,4,80
4,Cinnamon Rolls,,FALSE,49.78,,28,null,2022-01-03 11:18:21,2021-07-09 00:20:51,9,70
5,Papayas,,FALSE,22.53,,21,null,2021-04-10 20:38:06,2021-05-07 10:28:26,7,77
6,Bacardi Breezer - Tropical,,TRUE,17.0,,22,null,2020-08-09 02:56:42,2021-10-19 03:09:29,5,36
7,Wine - Beringer Founders Estate,,FALSE,49.69,,25,null,2016-03-26 07:23:18,2021-10-25 17:13:48,9,89
8,Sausage - Meat,,FALSE,20.27,,19,null,2016-01-10 13:01:11,2021-02-03 16:16:10,4,46
9,Foam Dinner Plate,,TRUE,39.66,,14,null,2021-04-23 06:30:15,2021-05-05 03:35:26,5,50
10,Towel Dispenser,,FALSE,7.82,,10,null,2018-02-12 00:38:46,2022-01-21 16:05:56,10,88
11,"Lamb - Whole Head Off,nz",,FALSE,31.96,,49,null,2015-06-04 14:09:15,2021-09-29 11:02:52,9,56
12,Scampi Tail,,FALSE,33.21,,34,null,2021-01-05 09:22:33,2021-09-12 15:11:37,5,35
13,"Lamb - Leg, Diced",,TRUE,24.7,,36,null,2018-09-12 14:36:43,2021-07-30 16:55:27,6,47
14,Yoplait - Strawbrasp Peac,,TRUE,33.37,,34,null,2019-03-18 13:15:47,2021-07-29 00:08:09,5,61
15,Cattail Hearts,,FALSE,46.09,,31,null,2020-10-19 07:06:48,2021-08-18 13:39:51,3,3
16,Ecolab - Balanced Fusion,,TRUE,30.24,,23,null,2017-03-11 13:24:33,2022-01-15 00:33:24,4,6
17,Easy Off Oven Cleaner,,FALSE,37.04,,46,null,2017-05-21 10:46:09,2021-12-10 02:22:10,7,60
18,Glass - Juice Clear 5oz 55005,,TRUE,14.93,,17,null,2017-09-18 06:39:11,2021-10-18 11:22:38,1,58
19,Pur Value,,FALSE,16.85,,45,null,2018-06-15 20:11:37,2021-08-18 20:25:26,5,11
20,Couscous,,TRUE,43.89,,19,null,2017-08-20 23:54:13,2021-03-14 21:12:56,6,17
21,Water - Evian 355 Ml,,TRUE,26.78,,47,null,2019-06-18 14:33:16,2021-05-26 03:31:29,4,29
22,"Beans - Black Bean, Canned",,FALSE,8.33,,35,null,2019-10-07 16:36:03,2021-02-22 16:39:54,2,67
23,Food Colouring - Green,,FALSE,34.29,,40,null,2020-04-15 01:41:52,2021-09-30 02:20:17,3,58
24,Appetizer - Chicken Satay,,TRUE,47.23,,27,null,2016-02-29 17:10:04,2021-02-20 12:03:11,8,97
25,Chicken - Leg / Back Attach,,TRUE,32.63,,48,null,2019-03-06 15:20:02,2021-04-17 16:44:58,2,63
26,Pork - Inside,,TRUE,24.98,,46,null,2019-07-04 04:03:06,2021-08-24 13:48:34,1,23
27,Island Oasis - Strawberry,,TRUE,45.84,,41,null,2015-05-06 14:35:42,2021-09-18 14:43:43,4,11
28,Mix Pina Colada,,TRUE,3.09,,6,null,2021-01-01 07:34:25,2021-04-20 12:45:01,3,6
29,Wine - Piper Heidsieck Brut,,FALSE,10.47,,46,null,2019-04-17 06:53:15,2021-04-12 14:23:29,10,24
30,V8 - Berry Blend,,TRUE,39.66,,47,null,2017-02-25 13:05:25,2021-03-13 07:09:47,1,10
31,"Juice - V8, Tomato",,TRUE,25.63,,45,null,2017-05-18 15:20:50,2021-07-25 22:46:10,5,46
32,Liquid Aminios Acid - Braggs,,FALSE,49.0,,45,null,2016-07-22 03:47:12,2021-06-29 06:00:19,3,46
33,Wine - Clavet Saint Emilion,,TRUE,47.33,,9,null,2014-03-08 03:05:24,2021-02-12 15:34:49,7,5
34,Celery Root,,TRUE,48.94,,42,null,2018-01-01 11:40:38,2021-12-16 02:26:01,10,33
35,Glycerine,,TRUE,49.02,,46,null,2017-01-26 06:34:30,2021-04-04 14:34:31,9,60
36,Salmon Atl.whole 8 - 10 Lb,,FALSE,32.3,,46,null,2019-09-29 18:51:41,2021-06-02 22:56:48,4,98
37,Beans - Yellow,,TRUE,34.95,,48,null,2021-02-28 17:53:08,2021-10-09 18:10:29,1,33
38,"Noodles - Cellophane, Thin",,TRUE,28.55,,28,null,2021-07-22 16:33:31,2021-02-11 05:30:05,10,87
39,"Veal - Shank, Pieces",,TRUE,28.43,,46,null,2017-03-09 03:29:50,2021-05-26 17:31:47,9,64
40,"Wine - White, Riesling, Semi - Dry",,TRUE,36.77,,16,null,2014-06-30 16:26:35,2021-03-12 16:02:50,8,2
41,Muffin Carrot - Individual,,TRUE,7.57,,8,null,2019-05-15 06:00:20,2021-09-14 18:05:34,9,32
42,Beef - Top Sirloin - Aaa,,TRUE,14.62,,30,null,2016-06-10 13:15:46,2022-01-12 22:23:44,3,29
43,Apricots - Dried,,FALSE,8.29,,35,null,2011-10-07 05:09:22,2021-06-10 12:51:50,2,60
44,Pepper - Pablano,,FALSE,24.54,,5,null,2011-04-05 16:25:42,2021-10-05 23:43:18,8,51
45,Wine - Prem Select Charddonany,,FALSE,43.95,,29,null,2020-12-19 02:07:59,2021-05-22 05:00:32,7,69
46,Muffin Mix - Morning Glory,,TRUE,32.17,,47,null,2017-07-11 21:03:13,2021-02-25 07:17:53,1,17
47,Rice - Sushi,,TRUE,49.72,,5,null,2011-08-13 22:53:54,2021-03-29 07:01:44,6,56
48,Ice Cream - Strawberry,,TRUE,32.35,,9,null,2011-06-27 21:48:06,2021-06-30 01:13:14,9,5
49,Watercress,,FALSE,48.87,,25,null,2014-12-26 11:08:43,2021-07-19 19:52:38,2,54
50,Mousse - Passion Fruit,,FALSE,7.14,,48,null,2017-03-26 09:03:55,2021-07-04 01:19:06,1,14
51,Raspberries - Frozen,,FALSE,30.73,,7,null,2017-07-26 08:13:36,2021-06-14 14:50:40,5,58
52,Syrup - Chocolate,,TRUE,3.79,,45,null,2017-08-30 19:05:37,2021-10-17 12:49:29,8,36
53,General Purpose Trigger,,FALSE,49.85,,40,null,2019-12-02 17:18:25,2021-03-08 09:06:21,4,16
54,Bread - Wheat Baguette,,TRUE,24.18,,30,null,2020-11-22 15:30:46,2021-07-27 23:15:14,6,35
55,"Cheese - Havarti, Roasted Garlic",,TRUE,20.39,,27,null,2013-11-07 01:37:34,2021-10-22 20:25:49,10,61
56,Mushroom - Crimini,,TRUE,32.04,,14,null,2011-11-30 15:29:37,2021-06-02 02:23:52,6,59
57,Spice - Greek 1 Step,,FALSE,13.56,,17,null,2015-03-18 08:36:33,2021-04-07 10:38:39,2,3
58,Pop - Club Soda Can,,TRUE,5.01,,16,null,2017-06-01 07:21:43,2021-01-26 01:21:54,6,3
59,"Pepper - White, Whole",,FALSE,33.55,,8,null,2017-08-16 00:51:00,2021-07-15 22:27:13,8,97
60,Vinegar - Sherry,,TRUE,13.24,,45,null,2020-10-05 00:14:54,2021-04-06 13:41:39,7,66
61,Chips Potato All Dressed - 43g,,FALSE,34.67,,37,null,2012-05-27 16:57:15,2021-09-17 23:35:45,5,90
62,Beer - Rickards Red,,TRUE,6.75,,13,null,2021-08-17 18:33:58,2021-05-17 16:59:08,7,39
63,Bag Stand,,FALSE,30.45,,12,null,2017-10-16 14:24:23,2021-02-21 09:29:42,7,46
64,Green Tea Refresher,,FALSE,17.28,,48,null,2021-08-21 01:10:35,2022-01-21 13:15:11,1,3
65,"Pork - Back, Long Cut, Boneless",,FALSE,37.81,,45,null,2018-05-22 09:16:19,2021-11-27 14:38:43,1,48
66,"Syrup - Monin, Swiss Choclate",,TRUE,31.63,,10,null,2021-06-02 14:06:30,2021-07-23 10:23:48,10,51
67,Vinegar - Balsamic,,FALSE,26.98,,8,null,2012-11-09 18:17:09,2021-09-30 05:17:14,1,11
68,Tea Leaves - Oolong,,FALSE,5.54,,24,null,2015-04-20 09:12:51,2021-08-25 17:45:57,7,49
69,"Pork - Loin, Boneless",,FALSE,14.99,,25,null,2013-06-15 15:08:25,2021-06-13 14:13:52,8,55
70,Myers Planters Punch,,TRUE,31.35,,43,null,2020-03-25 13:20:51,2021-07-28 21:53:10,9,68
71,Shrimp - Prawn,,TRUE,3.74,,16,null,2021-05-08 00:58:40,2021-10-21 03:10:30,7,44
72,Wanton Wrap,,FALSE,43.5,,48,null,2016-03-23 08:05:40,2021-10-17 07:10:37,5,30
73,Tart - Pecan Butter Squares,,TRUE,34.86,,47,null,2021-10-11 03:24:43,2021-05-13 19:07:40,8,3
74,Wine - Lou Black Shiraz,,TRUE,28.29,,4,null,2016-10-09 14:03:32,2021-12-14 18:00:53,7,58
75,Puree - Blackcurrant,,FALSE,15.33,,13,null,2016-12-26 21:23:52,2021-07-28 18:39:24,10,17
76,Cake - Mini Cheesecake,,TRUE,36.41,,41,null,2013-11-24 15:44:46,2022-01-19 11:03:34,9,78
77,Wine - Vidal Icewine Magnotta,,TRUE,49.85,,42,null,2011-09-28 15:31:30,2021-04-07 14:52:53,3,88
78,"Beef - Tenderlion, Center Cut",,TRUE,10.73,,42,null,2018-07-09 06:29:01,2022-01-15 12:59:07,8,42
79,Potatoes - Parissienne,,FALSE,22.74,,44,null,2016-12-25 18:07:12,2021-06-29 16:58:45,5,24
80,Buffalo - Striploin,,TRUE,30.88,,21,null,2020-03-13 03:27:33,2021-11-25 20:31:00,10,60
81,Hog / Sausage Casing - Pork,,TRUE,31.67,,37,null,2017-03-22 13:50:37,2021-11-09 08:46:43,7,19
82,Beef Ground Medium,,TRUE,30.5,,38,null,2015-03-13 20:31:17,2021-12-11 15:49:10,1,29
83,Wine - Beaujolais Villages,,TRUE,14.11,,29,null,2019-04-13 20:07:07,2021-04-19 15:13:06,8,39
84,Sultanas,,TRUE,44.11,,9,null,2020-12-21 08:40:33,2021-07-27 04:27:00,4,99
85,"Oil - Truffle, Black",,TRUE,35.79,,32,null,2017-09-05 09:04:52,2021-07-09 14:45:32,1,26
86,Juice - Prune,,TRUE,38.1,,6,null,2016-01-20 15:30:32,2021-08-24 19:11:59,7,96
87,Cakes Assorted,,FALSE,42.57,,5,null,2017-11-17 09:03:44,2022-01-24 12:24:56,9,28
88,Smoked Tongue,,TRUE,13.18,,33,null,2020-11-19 17:11:29,2021-12-16 16:44:43,2,40
89,Sauce - Mint,,FALSE,38.64,,18,null,2011-02-02 10:33:20,2021-09-21 09:00:28,5,13
90,Bulgar,,TRUE,15.12,,6,null,2017-01-04 13:31:37,2021-07-13 13:46:32,6,59
91,Couscous,,FALSE,40.03,,17,null,2015-07-01 23:39:13,2021-08-06 15:33:13,7,30
92,Pastry - Banana Muffin - Mini,,TRUE,31.45,,44,null,2020-12-07 15:43:42,2021-03-01 16:36:15,10,57
93,Yokaline,,TRUE,14.24,,47,null,2014-07-29 01:07:54,2022-01-16 23:25:52,8,40
94,Wine - Beringer Founders Estate,,FALSE,9.42,,47,null,2018-04-17 09:34:38,2021-12-19 21:54:08,4,6
95,Lime Cordial - Roses,,FALSE,27.16,,10,null,2018-08-18 02:44:21,2021-08-03 08:18:08,9,75
96,Milkettes - 2%,,FALSE,8.92,,17,null,2019-07-27 06:44:26,2021-10-15 18:37:38,9,44
97,"Wine - Red, Colio Cabernet",,FALSE,18.88,,43,null,2021-06-21 19:47:07,2021-11-18 18:39:43,4,14
98,Juice - Ocean Spray Cranberry,,TRUE,15.18,,9,null,2011-09-15 20:06:46,2021-10-04 08:20:26,10,58
99,"Wine - White, Lindemans Bin 95",,TRUE,41.53,,30,null,2017-10-19 10:18:59,2021-08-31 09:42:49,9,70
100,"Nut - Almond, Blanched, Sliced",,FALSE,17.42,,44,null,2014-02-22 10:40:28,2021-04-20 02:36:25,9,4
101,Bacardi Limon,,FALSE,6.59,,36,null,2014-07-01 19:32:29,2021-04-21 09:12:21,9,78
102,"Water - Spring Water, 355 Ml",,FALSE,45.32,,5,null,2017-12-15 03:51:54,2021-09-28 12:08:09,7,2
103,Wine - Trimbach Pinot Blanc,,FALSE,27.74,,19,null,2013-09-28 06:38:04,2021-06-06 21:09:16,3,29
104,Cup - 8oz Coffee Perforated,,FALSE,18.46,,25,null,2015-11-04 22:20:41,2021-02-24 22:31:30,1,51
105,Pepper - Scotch Bonnet,,FALSE,20.01,,32,null,2013-08-14 10:13:00,2021-10-31 06:40:50,4,67
106,"Mushroom - Enoki, Dry",,FALSE,22.7,,9,null,2013-01-28 21:57:15,2021-07-07 04:12:48,3,65
107,Salt - Sea,,FALSE,3.54,,26,null,2020-01-31 12:24:15,2021-12-14 00:12:33,1,37
108,Vinegar - Raspberry,,TRUE,41.76,,50,null,2016-10-05 08:50:11,2021-02-06 17:31:31,6,68
109,Hand Towel,,TRUE,15.24,,24,null,2012-06-13 03:40:55,2021-03-10 02:37:48,3,86
110,Cod - Fillets,,FALSE,32.92,,18,null,2016-12-08 03:38:31,2022-01-19 07:47:16,1,58
111,Ham - Virginia,,FALSE,46.02,,22,null,2012-05-16 15:37:40,2021-08-14 08:21:39,9,20
112,Pancetta,,FALSE,2.68,,9,null,2014-10-06 06:04:53,2021-12-12 21:54:45,10,1
113,Cheese - Gorgonzola,,TRUE,10.4,,26,null,2013-03-07 17:22:42,2021-12-25 10:55:26,5,9
114,Bar Energy Chocchip,,TRUE,35.91,,26,null,2018-03-09 06:09:56,2021-12-19 06:07:43,1,76
115,Wine - Rubyport,,FALSE,18.88,,19,null,2021-09-14 11:32:12,2022-01-07 23:31:23,3,21
116,Beef - Top Sirloin - Aaa,,TRUE,43.44,,48,null,2011-09-16 13:51:55,2022-01-04 16:09:03,6,20
117,Squash - Butternut,,FALSE,1.77,,45,null,2019-09-28 10:22:14,2021-10-18 02:37:11,6,3
118,Wine - George Duboeuf Rose,,TRUE,6.41,,14,null,2011-11-22 09:58:27,2021-11-13 18:51:13,9,25
119,Foil Wrap,,TRUE,36.54,,10,null,2021-03-06 16:40:59,2022-01-03 13:29:28,7,45
120,"Doilies - 10, Paper",,TRUE,18.07,,10,null,2012-07-28 23:40:58,2021-05-25 01:47:31,10,48
121,Carbonated Water - Blackberry,,FALSE,11.59,,44,null,2014-07-14 03:13:45,2021-08-07 16:57:19,1,74
122,Wine - Rosso Del Veronese Igt,,FALSE,43.83,,16,null,2020-01-02 02:57:54,2021-07-18 14:42:48,10,81
123,Soup - Campbells Mushroom,,TRUE,32.13,,3,null,2013-03-02 11:50:48,2021-12-04 23:57:14,4,94
124,Pork - Caul Fat,,TRUE,5.51,,6,null,2016-10-05 00:39:39,2021-03-20 11:55:42,9,97
125,Cheese - Brie,,FALSE,24.85,,46,null,2013-02-24 18:15:41,2021-07-03 01:24:09,6,10
126,Flour - Semolina,,FALSE,42.11,,45,null,2021-05-31 20:33:56,2021-11-13 14:37:15,9,1
127,Parsnip,,FALSE,45.57,,14,null,2014-01-05 06:36:39,2022-01-20 10:29:43,2,9
128,"Shrimp - 16/20, Iqf, Shell On",,FALSE,32.24,,50,null,2019-12-13 17:41:49,2021-08-09 11:34:47,8,100
129,Pastry - Lemon Danish - Mini,,FALSE,29.21,,32,null,2015-04-24 21:00:58,2021-09-18 05:22:15,5,51
130,Foam Cup 6 Oz,,FALSE,17.75,,14,null,2012-01-11 17:44:36,2021-09-01 07:37:36,10,82
131,Sauce - Hp,,FALSE,13.17,,32,null,2017-08-26 08:55:56,2021-09-24 11:52:35,3,27
132,"Ranchero - Primerba, Paste",,FALSE,9.85,,5,null,2016-06-27 02:33:02,2022-01-05 18:46:29,8,76
133,Fudge - Cream Fudge,,TRUE,46.93,,7,null,2013-07-15 23:50:28,2021-02-01 13:49:31,9,89
134,Squash - Pepper,,TRUE,27.81,,4,null,2017-05-26 22:39:18,2021-10-08 18:24:07,1,35
135,Chips - Doritos,,FALSE,16.23,,46,null,2013-07-25 18:24:22,2021-09-13 15:25:42,5,86
136,Syrup - Monin - Blue Curacao,,FALSE,12.46,,27,null,2020-10-20 00:19:38,2021-04-29 07:33:57,9,69
137,Marjoram - Fresh,,TRUE,35.41,,11,null,2017-12-29 21:51:33,2021-05-04 00:15:53,4,10
138,Chicken - Leg / Back Attach,,TRUE,15.99,,28,null,2018-04-07 06:31:19,2021-07-01 01:51:32,5,34
139,Compound - Orange,,TRUE,29.84,,47,null,2022-01-06 05:19:45,2021-02-20 11:02:41,3,100
140,Green Scrubbie Pad H.duty,,FALSE,18.77,,39,null,2021-05-28 04:08:04,2021-09-10 20:22:42,1,21
141,Lemon Grass,,TRUE,11.67,,33,null,2012-12-21 23:55:49,2022-01-20 01:55:30,6,42
142,Cheese - Comtomme,,TRUE,42.2,,33,null,2019-08-11 12:02:10,2021-02-19 07:11:41,6,27
143,Juice - Lemon,,TRUE,24.2,,44,null,2016-06-15 05:46:15,2021-03-23 18:52:09,3,15
144,Magnotta Bel Paese Red,,TRUE,20.44,,15,null,2011-10-05 17:24:06,2021-08-08 13:40:46,6,43
145,Watercress,,FALSE,36.3,,41,null,2017-04-16 13:28:31,2021-02-22 19:28:38,8,34
146,Pork - Bacon Cooked Slcd,,TRUE,27.43,,2,null,2017-02-15 00:01:07,2021-04-29 07:00:38,8,5
147,Sobe - Orange Carrot,,TRUE,21.28,,30,null,2019-02-17 10:36:25,2021-11-07 12:46:00,6,5
148,Beer - Labatt Blue,,TRUE,8.62,,28,null,2013-12-17 15:57:18,2021-08-21 13:06:34,10,21
149,Bread Bowl Plain,,FALSE,10.28,,28,null,2013-02-14 12:24:16,2021-05-16 05:22:25,7,29
150,Pork Loin Bine - In Frenched,,FALSE,39.16,,30,null,2021-10-29 18:50:09,2021-08-27 07:41:06,5,91
151,Bread Base - Italian,,TRUE,32.69,,34,null,2013-03-20 10:58:17,2021-12-02 18:13:08,7,1
152,Allspice - Jamaican,,TRUE,14.37,,8,null,2019-11-14 18:16:20,2021-12-27 11:16:31,10,22
153,"Oil - Olive, Extra Virgin",,FALSE,16.03,,15,null,2015-05-06 20:01:07,2021-05-19 20:57:11,3,74
154,"Liqueur Banana, Ramazzotti",,TRUE,18.24,,16,null,2020-12-20 04:37:54,2021-03-31 15:17:45,4,17
155,"Tray - Foam, Square 4 - S",,TRUE,32.83,,12,null,2016-10-11 09:46:38,2021-05-27 02:16:59,9,75
156,Beef Flat Iron Steak,,FALSE,15.16,,43,null,2012-04-04 06:48:39,2021-09-11 09:28:05,8,80
157,Wine - Hardys Bankside Shiraz,,FALSE,29.04,,4,null,2018-08-04 07:33:14,2021-03-21 07:08:31,1,86
158,Kirsch - Schloss,,TRUE,9.25,,1,null,2016-05-16 02:27:01,2021-06-22 14:58:50,4,73
159,"Wine - Red, Black Opal Shiraz",,FALSE,6.34,,42,null,2014-11-04 07:30:45,2022-01-24 07:23:01,1,100
160,"Soup - Beef, Base Mix",,FALSE,35.01,,5,null,2020-09-15 05:47:08,2021-09-08 09:28:30,8,7
161,Coffee - Decaffeinato Coffee,,TRUE,24.6,,22,null,2012-04-17 19:43:04,2021-09-14 16:53:09,3,42
162,Sugar - Cubes,,TRUE,36.88,,16,null,2020-03-22 19:32:28,2021-05-24 13:53:32,4,91
163,Sauce Bbq Smokey,,TRUE,41.54,,39,null,2015-11-05 15:17:43,2021-03-03 10:19:14,7,8
164,Tuna - Salad Premix,,FALSE,3.33,,2,null,2011-11-26 17:27:11,2021-08-07 16:40:53,4,95
165,Sugar - Splenda Sweetener,,FALSE,44.19,,45,null,2016-01-15 02:32:09,2021-08-07 19:33:42,4,37
166,"Lid - High Heat, Super Clear",,FALSE,5.69,,41,null,2021-06-21 10:38:55,2021-03-12 02:24:23,3,64
167,Sauce - Hp,,TRUE,36.94,,13,null,2014-03-09 00:23:15,2021-04-29 16:42:45,6,37
168,Wine - Conde De Valdemar,,TRUE,1.63,,14,null,2011-11-12 05:09:34,2021-04-03 23:38:03,10,67
169,Cabbage - Savoy,,TRUE,27.29,,29,null,2018-01-03 11:15:54,2021-12-17 09:05:40,8,30
170,Parsnip,,TRUE,34.61,,16,null,2021-01-06 22:30:37,2021-10-13 04:07:24,9,22
171,Carbonated Water - Blackberry,,FALSE,22.48,,38,null,2016-08-15 13:51:47,2021-05-25 04:14:51,2,60
172,Nantucket - Kiwi Berry Cktl.,,TRUE,41.53,,17,null,2020-03-23 05:07:39,2021-12-19 08:49:29,1,55
173,Chicken - Wieners,,FALSE,26.76,,24,null,2013-04-13 07:42:44,2022-01-10 05:52:51,9,10
174,Spic And Span All Purpose,,FALSE,32.46,,33,null,2020-12-15 09:41:29,2021-08-10 19:47:40,3,98
175,Lamb Leg - Bone - In Nz,,TRUE,6.6,,44,null,2012-09-02 21:20:43,2021-04-17 16:13:02,5,40
176,Garbage Bags - Black,,TRUE,11.98,,48,null,2016-12-02 21:44:16,2021-03-11 09:31:39,10,95
177,Ham - Proscuitto,,FALSE,3.91,,41,null,2017-02-05 09:44:18,2021-07-30 00:12:58,1,47
178,Bar Nature Valley,,TRUE,28.55,,34,null,2012-03-14 18:07:23,2021-05-05 15:24:37,3,11
179,"Soup - Knorr, Classic Can. Chili",,FALSE,2.66,,25,null,2018-11-27 04:52:35,2021-10-26 01:08:34,10,42
180,Wine - Rhine Riesling Wolf Blass,,TRUE,1.5,,36,null,2022-01-15 03:34:18,2021-06-14 22:32:21,6,73
181,Kiwi,,FALSE,42.24,,22,null,2014-12-15 17:15:46,2021-10-04 18:46:32,2,34
182,Beans - Fine,,TRUE,46.22,,10,null,2013-10-20 16:30:21,2021-02-24 09:34:20,3,96
183,"Tendrils - Baby Pea, Organic",,FALSE,8.0,,35,null,2011-05-24 15:12:54,2021-05-13 16:44:07,6,66
184,"Fish - Atlantic Salmon, Cold",,FALSE,12.13,,22,null,2019-12-07 19:29:12,2021-05-19 09:14:12,7,76
185,Tea - Honey Green Tea,,FALSE,24.46,,50,null,2016-12-10 19:51:47,2021-12-21 22:24:14,2,87
186,Red Pepper Paste,,FALSE,36.98,,23,null,2021-02-07 07:24:11,2021-11-24 21:27:06,5,3
187,Cod - Black Whole Fillet,,FALSE,36.48,,37,null,2013-08-21 01:02:03,2021-12-28 00:21:50,7,92
188,Cake - French Pear Tart,,FALSE,45.53,,22,null,2012-04-03 10:46:56,2021-11-15 09:38:55,1,58
189,Squid U5 - Thailand,,FALSE,24.57,,37,null,2014-10-17 03:44:58,2021-09-23 16:47:34,6,85
190,"Pork - Bacon, Sliced",,FALSE,22.85,,40,null,2012-12-18 07:33:22,2021-10-15 05:47:49,3,29
191,Cheese - Feta,,TRUE,30.39,,40,null,2016-06-22 16:29:19,2021-05-10 10:55:17,7,17
192,Orange - Blood,,FALSE,49.47,,24,null,2012-06-30 22:34:09,2021-02-09 05:48:31,5,61
193,Kellogs Raisan Bran Bars,,FALSE,37.03,,28,null,2021-07-13 20:25:30,2021-10-23 16:46:33,3,40
194,Remy Red,,TRUE,14.08,,19,null,2020-11-10 10:44:35,2022-01-09 08:28:06,10,27
195,Alize Red Passion,,FALSE,2.08,,13,null,2011-04-16 15:12:14,2021-09-16 02:11:11,8,15
196,Salt - Celery,,TRUE,14.42,,28,null,2013-02-16 12:13:42,2021-03-22 18:19:19,6,8
197,Juice - Propel Sport,,TRUE,42.34,,25,null,2012-02-16 10:17:29,2021-05-31 09:01:20,8,58
198,Cheese - Bakers Cream Cheese,,TRUE,42.18,,32,null,2021-07-05 22:59:54,2021-12-15 07:08:10,7,30
199,Filling - Mince Meat,,TRUE,12.61,,24,null,2016-06-10 19:02:48,2021-08-30 16:55:27,3,83
200,Wine - German Riesling,,FALSE,41.9,,10,null,2014-06-28 12:46:13,2022-01-22 14:29:07,6,66
201,Wine - Rosso Del Veronese Igt,,FALSE,18.42,,19,null,2015-01-06 17:02:07,2021-06-09 23:12:55,2,35
202,Pie Filling - Pumpkin,,FALSE,5.73,,48,null,2014-05-04 21:36:43,2021-02-08 14:17:24,4,61
203,"Pasta - Cannelloni, Sheets, Fresh",,TRUE,47.18,,46,null,2016-09-25 11:10:23,2021-09-29 05:07:07,3,8
204,"Bread - Pita, Mini",,FALSE,8.2,,45,null,2013-10-19 10:28:32,2021-05-06 17:43:55,9,12
205,"Nut - Pecan, Halves",,TRUE,5.21,,34,null,2021-06-28 05:12:08,2021-12-23 13:26:55,3,48
206,Milk Powder,,TRUE,1.25,,34,null,2021-11-22 02:58:55,2021-07-21 21:57:56,10,2
207,Nori Sea Weed - Gold Label,,FALSE,43.59,,35,null,2018-11-14 02:43:46,2021-07-16 02:35:30,6,55
208,Tandoori Curry Paste,,TRUE,21.07,,33,null,2021-02-07 14:15:50,2021-03-19 10:27:36,5,63
209,Scotch - Queen Anne,,FALSE,7.16,,23,null,2012-04-23 20:00:40,2021-03-06 01:23:47,7,66
210,Shallots,,TRUE,12.07,,16,null,2012-04-30 20:24:28,2021-12-27 11:25:05,8,16
211,Cotton Wet Mop 16 Oz,,TRUE,24.01,,47,null,2013-03-06 06:06:34,2021-01-31 04:25:54,2,88
212,Sterno - Chafing Dish Fuel,,TRUE,37.15,,12,null,2011-02-01 05:47:40,2021-05-26 08:08:16,3,95
213,"Brandy - Orange, Mc Guiness",,FALSE,13.67,,6,null,2014-04-07 19:45:53,2021-03-29 06:23:48,3,20
214,Squid - U - 10 Thailand,,TRUE,19.75,,38,null,2014-08-25 17:02:05,2022-01-21 02:14:47,3,60
215,Turkey - Oven Roast Breast,,FALSE,18.03,,34,null,2012-03-08 06:08:30,2021-12-19 05:26:02,8,89
216,Spice - Onion Powder Granulated,,TRUE,25.88,,32,null,2015-07-13 00:00:24,2021-11-20 17:44:19,5,36
217,Coffee Cup 12oz 5342cd,,TRUE,13.13,,43,null,2018-03-04 12:12:13,2021-09-21 01:07:09,9,53
218,Sea Bass - Fillets,,FALSE,33.66,,12,null,2021-12-15 17:18:29,2021-10-10 16:12:01,4,35
219,"Juice - Tomato, 48 Oz",,FALSE,13.35,,7,null,2011-05-23 01:15:53,2021-02-23 16:56:45,2,83
220,Steel Wool S.o.s,,TRUE,17.27,,17,null,2019-07-22 02:03:14,2021-09-19 22:45:01,8,41
221,Puree - Strawberry,,TRUE,37.13,,1,null,2021-03-03 11:58:53,2021-10-24 02:10:53,2,12
222,Beer - Upper Canada Lager,,TRUE,22.79,,16,null,2015-01-09 05:24:25,2022-01-05 08:50:44,8,19
223,Flour - Teff,,FALSE,16.36,,1,null,2014-03-26 13:03:32,2021-07-11 09:49:13,10,14
224,"Wine - Saint - Bris 2002, Sauv",,FALSE,21.61,,13,null,2016-12-26 21:03:06,2021-02-24 07:00:26,2,40
225,Salt And Pepper Mix - Black,,TRUE,38.4,,19,null,2015-09-24 10:25:12,2021-06-17 20:31:57,10,11
226,Cleaner - Pine Sol,,FALSE,5.92,,3,null,2014-08-12 21:43:34,2021-12-20 16:22:10,7,26
227,Pepper - Red Thai,,TRUE,4.23,,48,null,2021-12-01 14:24:28,2021-12-08 11:59:07,3,6
228,Milkettes - 2%,,FALSE,10.88,,6,null,2016-01-20 08:21:39,2021-06-13 10:41:26,2,15
229,Cup - 8oz Coffee Perforated,,TRUE,7.43,,25,null,2011-03-04 23:13:08,2021-09-21 16:08:12,8,51
230,Ice Cream - Vanilla,,FALSE,27.46,,11,null,2016-02-29 05:39:51,2021-11-29 16:00:26,6,57
231,Creme De Menth - White,,FALSE,42.22,,34,null,2018-09-24 14:30:08,2021-12-25 18:18:59,4,31
232,Cabbage Roll,,FALSE,36.07,,7,null,2017-01-12 22:11:08,2021-04-28 23:53:56,10,86
233,"Asparagus - White, Canned",,FALSE,7.41,,37,null,2016-12-20 09:24:52,2021-08-16 12:27:55,3,58
234,Grapes - Green,,TRUE,2.91,,20,null,2016-01-22 20:41:04,2021-05-20 17:28:22,6,25
235,Wine - Shiraz Wolf Blass Premium,,FALSE,15.57,,43,null,2015-05-31 11:15:47,2021-12-26 11:33:43,3,90
236,Nantuket Peach Orange,,TRUE,23.95,,29,null,2020-02-10 00:26:28,2021-10-12 19:13:24,10,84
237,Lemon Tarts,,FALSE,29.03,,35,null,2013-04-30 06:25:10,2021-04-26 21:06:16,2,15
238,Muffins - Assorted,,FALSE,6.09,,34,null,2021-10-27 04:13:32,2021-07-09 01:29:15,2,73
239,Bread - Sour Sticks With Onion,,FALSE,34.77,,50,null,2019-10-16 08:53:32,2021-07-17 04:31:13,4,29
240,Sausage - Chorizo,,FALSE,43.84,,16,null,2013-07-06 15:11:20,2021-12-30 20:44:52,9,58
241,Oil - Safflower,,TRUE,37.7,,31,null,2020-03-27 00:12:10,2021-11-14 16:43:23,1,50
242,Cheese - Victor Et Berthold,,FALSE,12.85,,43,null,2015-06-06 22:32:00,2021-06-30 13:21:20,4,35
243,Spinach - Frozen,,FALSE,47.75,,16,null,2013-05-10 18:38:18,2021-06-30 15:45:19,1,39
244,Flounder - Fresh,,TRUE,49.97,,13,null,2018-10-04 04:36:25,2021-03-18 10:22:10,2,7
245,Wine - Pinot Noir Latour,,TRUE,13.46,,46,null,2019-01-25 04:38:35,2021-12-03 16:05:00,8,4
246,Tray - 16in Rnd Blk,,FALSE,8.08,,41,null,2013-05-21 12:25:31,2021-10-11 06:16:42,3,49
247,Cheese - Mix,,TRUE,21.57,,29,null,2012-12-09 01:49:13,2021-05-27 23:05:55,2,53
248,"Yogurt - Strawberry, 175 Gr",,TRUE,17.83,,28,null,2017-07-20 11:50:00,2021-02-01 23:53:59,4,67
249,Pimento - Canned,,TRUE,18.78,,49,null,2019-04-13 15:25:19,2021-08-20 05:56:22,2,81
250,Creme De Menthe Green,,FALSE,24.67,,42,null,2012-03-28 12:34:50,2021-05-20 03:14:58,9,84
251,Milkettes - 2%,,FALSE,31.15,,10,null,2013-03-10 07:25:29,2021-06-09 05:47:05,9,86
252,"Split Peas - Yellow, Dry",,TRUE,14.16,,37,null,2011-02-07 11:27:02,2021-07-28 21:05:26,1,33
253,Wine - Cotes Du Rhone,,FALSE,18.26,,9,null,2018-09-04 01:40:08,2021-06-22 15:09:59,8,79
254,Spinach - Spinach Leaf,,TRUE,28.98,,6,null,2013-12-24 05:17:41,2021-03-08 12:08:08,9,29
255,"Veal - Chops, Split, Frenched",,TRUE,9.33,,26,null,2011-05-04 22:08:28,2021-06-14 04:25:41,4,80
256,Vacuum Bags 12x16,,TRUE,36.86,,13,null,2013-04-07 08:33:58,2022-01-23 12:26:29,10,64
257,Glaze - Clear,,FALSE,49.48,,40,null,2012-12-16 04:26:54,2022-01-11 09:49:24,10,58
258,Pastry - Lemon Danish - Mini,,FALSE,32.08,,22,null,2021-07-04 18:26:16,2021-12-26 08:51:33,5,83
259,"Wine - Red, Mosaic Zweigelt",,FALSE,1.11,,48,null,2014-03-28 11:26:35,2021-08-02 06:56:22,8,75
260,Eel Fresh,,TRUE,23.2,,18,null,2021-01-18 01:14:10,2021-05-15 04:56:30,9,76
261,Ecolab - Hobart Upr Prewash Arm,,FALSE,44.89,,16,null,2014-09-05 15:05:59,2021-03-04 08:46:00,9,67
262,Beef - Cow Feet Split,,TRUE,26.72,,44,null,2019-11-14 16:30:45,2021-05-07 02:32:44,5,30
263,Gatorade - Orange,,TRUE,19.91,,41,null,2011-11-25 05:26:07,2021-11-06 02:32:51,10,15
264,Lobster - Cooked,,FALSE,31.16,,11,null,2015-08-27 12:33:19,2021-07-05 18:00:01,6,96
265,Spinach - Baby,,FALSE,20.31,,7,null,2014-07-24 10:48:07,2022-01-10 10:55:13,5,87
266,Pork Loin Bine - In Frenched,,FALSE,33.52,,22,null,2011-03-30 07:29:52,2021-10-02 07:31:54,7,38
267,Bread - Frozen Basket Variety,,FALSE,10.0,,19,null,2014-07-02 23:16:23,2021-04-18 16:15:41,5,99
268,"Bread - Sticks, Thin, Plain",,FALSE,38.17,,11,null,2015-05-13 14:58:51,2021-07-29 23:45:56,10,100
269,"Wine - White, Colubia Cresh",,FALSE,9.74,,36,null,2015-10-15 14:53:09,2021-12-12 15:35:54,3,70
270,Goulash Seasoning,,FALSE,10.14,,24,null,2019-05-06 23:19:17,2021-06-01 05:15:34,6,60
271,Tomatoes - Hot House,,TRUE,49.28,,23,null,2013-01-10 10:40:38,2021-06-08 03:14:51,8,16
272,"Pasta - Orzo, Dry",,FALSE,45.31,,28,null,2020-11-29 15:00:21,2021-03-22 00:53:31,8,73
273,Fondant - Icing,,FALSE,1.75,,9,null,2015-05-22 05:10:37,2021-07-27 13:18:11,10,61
274,Flower - Leather Leaf Fern,,FALSE,36.02,,7,null,2017-11-12 21:18:11,2021-12-20 12:16:31,3,13
275,Milk Powder,,TRUE,48.61,,28,null,2014-10-26 13:55:56,2021-08-17 19:23:43,10,62
276,Bar Energy Chocchip,,TRUE,45.03,,39,null,2012-10-14 04:40:15,2021-07-02 18:04:13,1,17
277,Fond - Neutral,,FALSE,10.4,,5,null,2020-03-14 00:20:24,2021-02-14 20:50:24,8,85
278,Raisin - Golden,,FALSE,21.47,,13,null,2015-08-14 18:42:39,2021-11-03 19:46:23,4,91
279,"Cheese - Havarti, Salsa",,TRUE,43.34,,45,null,2012-04-27 19:42:20,2022-01-02 15:28:07,9,71
280,Wine - Taylors Reserve,,FALSE,1.14,,48,null,2021-06-05 08:29:10,2021-09-15 21:17:15,3,47
281,Cheese - Le Cru Du Clocher,,TRUE,10.93,,26,null,2014-09-30 12:40:01,2021-05-20 10:14:55,10,21
282,Containter - 3oz Microwave Rect.,,FALSE,3.33,,18,null,2013-04-11 15:08:51,2021-03-27 05:18:26,8,22
283,Cheese - Asiago,,FALSE,40.53,,50,null,2021-04-19 09:56:41,2021-12-19 16:05:14,1,44
284,Salt - Kosher,,TRUE,22.14,,26,null,2017-02-05 12:50:19,2021-03-29 21:10:27,9,86
285,"Pepper - Red, Finger Hot",,TRUE,20.53,,13,null,2017-06-01 15:24:11,2021-10-13 18:04:07,10,37
286,Juice - Lime,,FALSE,22.13,,34,null,2015-10-21 01:41:51,2021-03-12 17:43:14,5,55
287,Beans - French,,FALSE,9.14,,17,null,2019-02-21 22:21:40,2021-12-31 09:37:24,4,40
288,"Apple - Delicious, Golden",,FALSE,12.32,,6,null,2012-12-03 02:54:11,2021-10-02 16:08:12,9,64
289,Pork Loin Cutlets,,TRUE,40.78,,48,null,2020-03-28 13:51:06,2021-10-03 11:29:01,9,41
290,Kellogs Cereal In A Cup,,FALSE,39.77,,33,null,2017-06-13 11:02:11,2021-10-25 15:03:11,9,72
291,Tomato - Tricolor Cherry,,FALSE,26.39,,18,null,2018-03-29 02:11:43,2021-12-03 16:59:19,4,40
292,Bowl 12 Oz - Showcase 92012,,FALSE,1.41,,45,null,2019-12-19 23:32:46,2021-09-07 23:39:35,9,5
293,Venison - Liver,,TRUE,46.78,,38,null,2019-02-05 20:04:26,2021-09-26 02:01:43,2,16
294,Beef - Striploin Aa,,TRUE,13.3,,16,null,2018-06-21 12:06:12,2022-01-17 08:21:47,3,15
295,"Coconut - Shredded, Sweet",,TRUE,5.67,,22,null,2014-07-28 17:28:22,2021-06-26 14:31:27,4,67
296,Cookie - Dough Variety,,TRUE,21.18,,35,null,2018-05-21 16:24:08,2021-04-02 08:09:02,3,78
297,Sole - Iqf,,FALSE,39.65,,2,null,2017-08-06 01:02:41,2021-12-28 23:51:49,4,20
298,Bread Foccacia Whole,,FALSE,31.84,,29,null,2014-09-17 18:07:34,2021-07-23 08:54:27,6,42
299,"Beans - Kidney, Canned",,TRUE,36.6,,17,null,2013-09-09 16:45:50,2021-03-14 05:02:04,5,39
300,Praline Paste,,TRUE,39.08,,8,null,2012-02-09 23:24:25,2022-01-14 00:33:09,1,2
301,"Oregano - Dry, Rubbed",,TRUE,27.89,,2,null,2021-05-28 01:29:22,2021-06-29 12:11:50,3,51
302,Wine - Tribal Sauvignon,,TRUE,14.62,,35,null,2012-10-03 08:58:28,2021-07-20 15:15:56,2,55
303,Soup Bowl Clear 8oz92008,,FALSE,33.8,,20,null,2020-02-05 09:53:16,2021-12-08 05:52:17,8,74
304,Tea - Lemon Scented,,TRUE,28.41,,31,null,2014-05-24 09:14:18,2021-05-02 05:34:53,2,1
305,"Wine - Mas Chicet Rose, Vintage",,TRUE,35.93,,1,null,2021-05-06 04:31:45,2022-01-07 14:29:25,3,36
306,"Cup - 6oz, Foam",,TRUE,33.28,,36,null,2016-06-11 03:22:01,2021-10-26 22:42:11,8,98
307,Raisin - Golden,,FALSE,8.92,,28,null,2014-10-16 21:49:16,2022-01-23 23:45:11,8,87
308,"Nut - Hazelnut, Ground, Natural",,TRUE,21.84,,14,null,2019-08-01 11:37:00,2021-11-14 17:53:33,7,8
309,"Crush - Grape, 355 Ml",,TRUE,35.71,,42,null,2018-09-02 11:36:58,2021-08-21 10:41:02,6,24
310,Island Oasis - Ice Cream Mix,,FALSE,32.26,,10,null,2014-11-18 18:17:52,2021-04-23 07:06:09,10,16
311,Dill Weed - Dry,,TRUE,6.93,,11,null,2017-11-21 02:09:06,2021-02-10 23:21:34,10,41
312,Beef - Shank,,TRUE,43.45,,2,null,2017-02-17 11:00:34,2021-04-04 12:55:44,1,16
313,Cinnamon Rolls,,TRUE,24.94,,30,null,2014-06-09 06:09:58,2021-09-19 09:02:28,4,60
314,Carbonated Water - Blackcherry,,TRUE,4.09,,32,null,2015-10-26 04:13:39,2021-08-17 12:19:20,3,16
315,Yoplait - Strawbrasp Peac,,FALSE,29.46,,24,null,2016-05-08 12:31:37,2021-07-10 14:50:44,7,92
316,Pastry - Cheese Baked Scones,,FALSE,28.56,,16,null,2020-03-31 23:38:31,2021-06-06 16:23:38,10,97
317,Beef - Ground Lean Fresh,,FALSE,17.46,,37,null,2014-05-13 04:29:54,2021-03-20 01:07:47,8,12
318,Gatorade - Orange,,FALSE,28.11,,38,null,2014-08-09 14:58:35,2021-05-05 20:38:21,6,22
319,Bread - Bistro Sour,,FALSE,25.47,,35,null,2016-05-05 11:04:01,2021-08-11 19:20:40,9,66
320,Lettuce - Red Leaf,,TRUE,37.68,,30,null,2019-08-30 15:28:49,2021-12-20 16:07:28,8,12
321,Wine - Sogrape Mateus Rose,,TRUE,16.96,,18,null,2020-06-20 20:40:18,2021-05-31 06:15:54,4,56
322,Pie Shell - 9,,FALSE,39.96,,35,null,2017-06-23 04:02:56,2021-08-23 08:45:16,8,32
323,Trueblue - Blueberry Cranberry,,FALSE,30.44,,50,null,2015-02-15 02:34:50,2021-02-24 14:15:23,7,92
324,Tuna - Salad Premix,,TRUE,19.91,,2,null,2019-07-07 18:13:11,2021-10-04 15:21:22,9,56
325,Sprouts - Onion,,FALSE,44.32,,4,null,2017-08-21 19:10:45,2021-06-24 14:28:43,10,36
326,Chocolate Bar - Reese Pieces,,TRUE,36.41,,9,null,2015-11-08 08:35:58,2021-04-29 17:29:35,6,84
327,Sobe - Liz Blizz,,TRUE,33.7,,3,null,2013-07-14 14:03:05,2021-09-21 02:35:23,2,88
328,"Wine - White, Schroder And Schyl",,TRUE,38.81,,32,null,2015-09-15 04:00:09,2021-05-22 20:06:19,4,16
329,Juice - Ocean Spray Kiwi,,FALSE,21.65,,20,null,2018-12-25 09:03:26,2021-08-30 15:23:54,6,83
330,"Pasta - Rotini, Colour, Dry",,TRUE,39.07,,6,null,2020-02-08 14:45:36,2021-12-27 11:36:29,8,92
331,Lobster - Tail 6 Oz,,FALSE,8.58,,43,null,2015-12-26 12:38:49,2021-09-17 03:50:35,1,66
332,Kaffir Lime Leaves,,FALSE,35.06,,14,null,2017-06-08 21:26:01,2021-07-24 05:57:48,6,16
333,"Wine - Red, Cabernet Sauvignon",,FALSE,17.84,,37,null,2014-09-15 03:55:07,2021-03-29 21:13:06,5,56
334,"Wine - White, Concha Y Toro",,TRUE,40.25,,32,null,2015-03-09 15:09:48,2021-03-18 13:24:04,1,95
335,Chocolate - Liqueur Cups With Foil,,FALSE,8.62,,42,null,2017-06-01 12:50:36,2021-02-28 16:02:19,9,36
336,Eggroll,,TRUE,46.67,,10,null,2012-09-19 21:02:33,2021-04-28 22:09:36,8,77
337,Broom And Brush Rack Black,,FALSE,35.07,,14,null,2011-02-28 17:46:00,2021-10-27 09:50:19,10,50
338,Calypso - Strawberry Lemonade,,TRUE,38.37,,2,null,2021-02-28 02:16:05,2022-01-21 01:33:03,8,25
339,Compound - Rum,,TRUE,32.73,,19,null,2021-09-11 13:06:57,2021-11-27 14:50:14,1,12
340,Bread Country Roll,,TRUE,22.14,,1,null,2017-01-09 20:16:21,2021-05-11 18:37:14,6,99
341,Pork - Hock And Feet Attached,,TRUE,11.39,,16,null,2022-01-18 20:46:37,2022-01-07 19:18:47,7,99
342,Veal - Knuckle,,FALSE,19.78,,9,null,2019-08-11 04:31:55,2021-06-18 13:08:20,8,4
343,Crackers - Graham,,TRUE,6.27,,13,null,2011-09-28 23:39:24,2021-05-03 10:53:26,8,66
344,Gatorade - Xfactor Berry,,TRUE,1.31,,44,null,2016-01-12 23:15:13,2021-02-02 09:40:13,9,3
345,Veal - Inside,,TRUE,18.33,,16,null,2017-08-13 17:29:57,2021-07-06 23:34:19,2,56
346,"Pork - Loin, Bone - In",,FALSE,21.94,,34,null,2015-04-25 19:54:28,2021-09-24 11:06:46,5,92
347,Dill Weed - Dry,,TRUE,34.18,,14,null,2020-01-23 03:10:17,2021-09-17 11:32:19,6,19
348,Poppy Seed,,FALSE,19.03,,50,null,2019-06-27 03:45:23,2022-01-22 23:16:13,10,57
349,Apple - Custard,,TRUE,26.08,,27,null,2016-07-02 17:35:27,2022-01-03 05:17:38,3,52
350,Nescafe - Frothy French Vanilla,,FALSE,23.49,,20,null,2016-12-03 03:11:02,2021-03-29 17:11:23,6,88
351,"Pepsi, 355 Ml",,TRUE,41.24,,18,null,2012-09-15 23:45:16,2021-05-10 20:31:03,10,100
352,Squid - Tubes / Tenticles 10/20,,TRUE,36.27,,22,null,2015-11-07 19:31:57,2021-05-01 08:41:43,4,33
353,"Rum - Coconut, Malibu",,FALSE,17.72,,27,null,2018-03-12 06:20:10,2021-04-01 17:13:15,2,32
354,Salt - Seasoned,,FALSE,4.27,,36,null,2017-03-12 18:44:15,2021-06-02 01:46:28,6,91
355,Compound - Pear,,FALSE,23.84,,31,null,2011-07-01 22:32:19,2021-09-28 23:52:33,7,18
356,Wine - Acient Coast Caberne,,TRUE,17.65,,25,null,2013-10-23 19:30:40,2021-12-20 02:38:18,5,40
357,Remy Red,,TRUE,44.72,,49,null,2011-12-14 15:39:23,2021-12-10 03:59:29,7,15
358,"Wine - White, Riesling, Henry Of",,TRUE,36.07,,2,null,2012-11-04 07:30:49,2021-12-11 08:18:41,1,68
359,Appetizer - Mango Chevre,,TRUE,32.99,,21,null,2017-01-10 09:49:12,2021-10-30 11:02:18,8,64
360,"Napkin - Beverge, White 2 - Ply",,FALSE,28.07,,27,null,2015-07-12 23:39:41,2021-06-12 22:32:51,2,14
361,"Bread - Roll, Whole Wheat",,TRUE,5.92,,10,null,2013-10-13 00:21:38,2022-01-03 19:13:32,8,80
362,"Napkin - Cocktail,beige 2 - Ply",,TRUE,25.62,,45,null,2012-01-21 05:30:10,2021-05-08 19:19:49,8,29
363,Eggwhite Frozen,,TRUE,32.16,,10,null,2019-08-02 10:00:14,2021-11-24 10:58:26,10,54
364,Tomatoes - Heirloom,,TRUE,39.09,,36,null,2015-05-08 19:05:55,2021-06-24 18:41:15,7,26
365,Port - 74 Brights,,FALSE,26.84,,39,null,2021-04-26 16:07:04,2021-09-08 23:05:56,8,98
366,Bandage - Flexible Neon,,TRUE,14.41,,28,null,2016-08-03 03:12:09,2021-11-20 23:23:20,8,42
367,Bread - Bistro White,,TRUE,26.21,,20,null,2011-03-08 08:48:36,2021-07-14 15:15:53,5,21
368,Sugar Thermometer,,FALSE,18.26,,39,null,2014-02-27 21:50:12,2021-02-21 07:22:51,9,40
369,Sea Bass - Fillets,,TRUE,33.28,,27,null,2017-05-25 06:52:24,2021-03-27 02:30:04,2,92
370,Pears - Anjou,,TRUE,1.58,,26,null,2019-08-17 18:03:11,2021-04-21 06:41:01,4,30
371,Anchovy Fillets,,TRUE,48.69,,37,null,2012-02-04 11:53:40,2021-11-19 20:14:19,8,20
372,Muffin - Carrot Individual Wrap,,FALSE,4.45,,35,null,2016-03-06 17:38:39,2022-01-01 11:32:40,4,45
373,Potatoes - Idaho 100 Count,,TRUE,6.32,,17,null,2012-02-01 20:19:05,2021-11-28 17:33:15,9,30
374,Turnip - Wax,,FALSE,17.9,,8,null,2015-11-20 04:42:43,2021-06-18 04:14:37,3,80
375,Eggplant Oriental,,TRUE,34.28,,32,null,2015-03-15 14:19:18,2021-11-26 14:06:13,4,49
376,Remy Red,,FALSE,25.38,,9,null,2019-10-19 00:57:50,2021-10-26 20:30:44,10,96
377,Soup - Campbells,,TRUE,38.64,,15,null,2020-11-16 21:44:25,2021-11-15 06:54:31,2,76
378,Wine - Cave Springs Dry Riesling,,TRUE,28.12,,16,null,2019-06-26 03:05:29,2021-04-23 17:08:56,4,12
379,Tomato Paste,,FALSE,12.25,,44,null,2011-10-16 19:40:29,2021-05-13 20:01:23,2,79
380,Cheese - Camembert,,TRUE,7.6,,17,null,2012-02-03 06:18:23,2022-01-15 17:26:07,2,90
381,Port - 74 Brights,,TRUE,8.64,,25,null,2013-01-19 02:01:38,2021-07-14 10:32:36,2,34
382,"Bag - Bread, White, Plain",,FALSE,49.02,,18,null,2016-09-25 12:34:30,2021-02-03 16:58:29,6,40
383,Bread - Kimel Stick Poly,,FALSE,11.83,,44,null,2016-09-16 04:04:08,2021-02-13 07:15:11,4,27
384,Soup - Cream Of Broccoli,,FALSE,32.49,,11,null,2017-04-24 05:15:57,2021-03-05 09:29:15,5,2
385,Wine - Magnotta - Pinot Gris Sr,,TRUE,29.25,,21,null,2011-02-20 03:12:32,2021-06-08 00:44:52,2,35
386,"Juice - Pineapple, 48 Oz",,TRUE,48.92,,33,null,2013-02-25 22:45:53,2021-09-18 21:29:24,7,19
387,Shrimp - Tiger 21/25,,TRUE,6.42,,27,null,2018-10-01 11:31:57,2021-04-02 16:18:14,1,42
388,Green Scrubbie Pad H.duty,,TRUE,33.28,,7,null,2013-12-20 01:50:14,2021-08-21 18:00:27,7,94
389,Mangostein,,TRUE,45.71,,33,null,2014-05-23 17:36:00,2021-05-09 02:06:57,1,21
390,Sauce - Roasted Red Pepper,,TRUE,27.86,,49,null,2011-08-20 02:48:07,2021-07-21 15:39:13,5,49
391,Teriyaki Sauce,,TRUE,36.91,,22,null,2011-09-15 22:48:05,2021-06-18 03:29:40,8,67
392,Pears - Fiorelle,,TRUE,16.7,,48,null,2014-05-26 07:31:10,2021-09-03 10:38:55,6,17
393,Muffins - Assorted,,TRUE,42.06,,41,null,2014-05-25 06:38:08,2021-02-08 02:18:01,9,28
394,"Chestnuts - Whole,canned",,FALSE,25.11,,29,null,2017-07-20 17:45:57,2021-06-26 16:58:27,5,34
395,Coffee - French Vanilla Frothy,,FALSE,15.06,,6,null,2011-03-06 18:31:17,2021-05-14 22:14:05,6,15
396,Tea - Jasmin Green,,FALSE,6.19,,20,null,2016-09-18 07:05:44,2021-12-01 03:18:01,8,33
397,Bread - White Mini Epi,,FALSE,20.88,,5,null,2018-10-22 18:36:45,2021-02-09 07:05:10,8,98
398,"Shrimp - 16/20, Iqf, Shell On",,FALSE,2.57,,27,null,2011-03-26 23:19:24,2021-12-21 02:57:50,1,74
399,V8 Splash Strawberry Banana,,TRUE,30.91,,26,null,2019-08-21 19:00:41,2021-03-23 02:50:03,7,62
400,Bread - Ciabatta Buns,,TRUE,25.86,,39,null,2012-09-05 01:18:00,2022-01-19 10:29:11,5,78
401,Tomatoes Tear Drop Yellow,,TRUE,5.34,,46,null,2021-08-19 03:17:39,2021-12-25 15:33:19,8,62
402,Tomatoes - Grape,,TRUE,3.47,,11,null,2020-11-19 05:26:22,2021-03-28 19:43:30,10,75
403,Cheese - Taleggio D.o.p.,,FALSE,2.3,,23,null,2016-05-26 00:10:03,2021-09-25 09:08:12,2,23
404,Ham - Virginia,,FALSE,4.85,,33,null,2011-06-19 21:38:32,2021-05-26 05:40:07,10,31
405,Corn Syrup,,TRUE,20.86,,28,null,2015-03-18 13:45:34,2021-06-19 23:06:55,5,65
406,Water - San Pellegrino,,FALSE,46.78,,35,null,2012-05-24 05:47:38,2021-02-24 12:52:54,5,13
407,Scallops - In Shell,,FALSE,31.55,,31,null,2014-09-14 20:29:43,2021-11-07 05:53:02,9,36
408,"Split Peas - Yellow, Dry",,FALSE,13.79,,50,null,2017-12-23 07:17:10,2021-05-10 06:48:10,5,91
409,Lobak,,TRUE,16.41,,48,null,2016-11-17 12:45:24,2022-01-02 01:58:56,6,28
410,Blue Curacao - Marie Brizard,,TRUE,41.34,,31,null,2019-10-01 12:08:01,2021-02-27 00:55:38,2,66
411,Melon - Honey Dew,,TRUE,46.64,,37,null,2018-01-13 03:39:20,2021-09-03 12:37:52,5,64
412,"Beets - Candy Cane, Organic",,FALSE,5.51,,15,null,2011-06-09 14:53:21,2021-06-28 16:11:56,5,9
413,Coffee Caramel Biscotti,,TRUE,37.22,,8,null,2011-05-25 04:41:55,2021-02-20 05:01:02,6,72
414,Bagelers - Cinn / Brown Sugar,,FALSE,22.82,,24,null,2016-07-10 15:36:34,2021-04-23 15:19:34,10,48
415,Fennel,,FALSE,11.61,,47,null,2015-11-03 17:51:50,2021-12-31 00:47:14,3,77
416,Pur Source,,TRUE,10.87,,30,null,2013-08-08 08:10:39,2021-06-18 02:48:51,7,70
417,Milk Powder,,FALSE,38.15,,1,null,2013-11-03 14:07:27,2021-08-10 21:58:21,8,8
418,Rum - Mount Gay Eclipes,,FALSE,47.64,,16,null,2017-11-24 16:37:26,2021-05-23 01:54:11,4,11
419,French Kiss Vanilla,,TRUE,34.78,,20,null,2011-04-07 20:49:32,2021-07-05 10:56:03,2,66
420,Aspic - Clear,,TRUE,23.27,,21,null,2018-12-31 19:28:35,2021-03-31 22:02:50,10,41
421,Container - Clear 16 Oz,,FALSE,5.05,,31,null,2011-03-15 01:43:06,2021-10-18 09:18:48,9,24
422,Curry Paste - Green Masala,,FALSE,14.13,,1,null,2012-12-10 19:04:24,2021-09-30 01:59:49,7,16
423,Sloe Gin - Mcguinness,,TRUE,17.51,,6,null,2020-03-20 12:31:31,2021-12-17 10:01:47,3,30
424,Garbage Bag - Clear,,TRUE,4.52,,34,null,2017-10-19 15:05:50,2021-02-10 13:58:42,4,1
425,Muffin - Blueberry Individual,,TRUE,25.82,,10,null,2020-09-19 17:39:06,2021-03-02 08:20:36,2,27
426,"Arctic Char - Fresh, Whole",,FALSE,38.46,,46,null,2019-07-22 03:02:32,2022-01-16 16:09:52,5,88
427,Chinese Foods - Plain Fried Rice,,TRUE,27.68,,5,null,2018-03-06 18:17:08,2021-03-20 11:35:42,9,85
428,Coffee - Flavoured,,TRUE,3.47,,32,null,2021-03-11 15:47:39,2021-01-29 06:15:12,9,83
429,Wine - Chenin Blanc K.w.v.,,FALSE,12.1,,34,null,2021-11-24 09:39:00,2021-12-27 19:12:32,3,20
430,Vector Energy Bar,,TRUE,18.25,,31,null,2021-12-03 18:33:00,2021-08-26 12:10:59,8,3
431,The Pop Shoppe - Grape,,FALSE,31.62,,30,null,2013-01-19 23:28:07,2021-07-08 20:39:23,2,66
432,Tea - Herbal I Love Lemon,,TRUE,10.38,,9,null,2015-09-11 16:43:19,2022-01-15 08:52:02,8,91
433,Sugar - Crumb,,FALSE,26.39,,16,null,2020-10-04 22:07:29,2021-10-10 16:28:11,2,49
434,Sauce - Plum,,TRUE,25.52,,40,null,2015-07-14 06:36:30,2021-07-13 20:40:38,10,57
435,Venison - Racks Frenched,,FALSE,12.37,,40,null,2015-05-14 10:55:54,2022-01-05 23:22:24,4,15
436,Tea - Grapefruit Green Tea,,TRUE,5.84,,16,null,2016-10-03 23:54:10,2021-03-19 03:10:56,8,16
437,Radish - Pickled,,TRUE,49.81,,35,null,2019-01-05 18:33:31,2021-01-28 06:40:14,3,69
438,Grenadillo,,FALSE,44.74,,36,null,2015-09-16 03:03:47,2021-07-21 02:17:57,4,11
439,Fuji Apples,,FALSE,46.55,,26,null,2012-06-06 18:44:52,2021-07-11 02:54:42,3,37
440,Wine - Delicato Merlot,,TRUE,36.65,,28,null,2021-01-03 01:39:19,2021-04-14 21:10:57,8,89
441,Quiche Assorted,,FALSE,5.22,,13,null,2021-06-07 07:59:12,2021-06-23 07:36:56,8,67
442,Crackers - Melba Toast,,FALSE,40.38,,38,null,2016-11-20 15:41:44,2021-08-10 23:17:33,4,70
443,Squeeze Bottle,,TRUE,11.27,,7,null,2013-09-16 23:28:52,2021-04-04 03:13:32,8,36
444,Wine - Rioja Campo Viejo,,TRUE,26.74,,16,null,2016-11-21 08:37:33,2021-05-24 18:52:38,6,68
445,Duck - Fat,,FALSE,18.96,,13,null,2014-09-03 12:37:48,2021-04-01 11:33:43,3,96
446,"Beef - Tongue, Fresh",,TRUE,17.86,,46,null,2015-12-18 06:49:45,2021-09-06 11:20:50,8,1
447,Bread Country Roll,,FALSE,21.29,,12,null,2018-03-03 19:05:12,2021-10-13 20:33:30,6,14
448,Arizona - Green Tea,,TRUE,16.3,,20,null,2013-06-04 05:58:16,2021-05-28 18:59:23,5,61
449,Cherries - Frozen,,FALSE,4.45,,23,null,2016-03-07 13:36:46,2021-11-14 11:09:30,10,45
450,Capers - Ox Eye Daisy,,FALSE,20.29,,1,null,2019-01-02 01:30:42,2022-01-03 15:31:11,8,1
451,Wine - Delicato Merlot,,FALSE,34.46,,34,null,2018-09-02 14:33:35,2021-07-09 20:41:11,7,2
452,Shrimp - Tiger 21/25,,FALSE,18.14,,16,null,2014-07-29 04:08:25,2021-03-14 03:47:31,9,11
453,Sauce - Chili,,TRUE,20.71,,24,null,2013-01-10 20:33:01,2021-10-04 08:32:57,5,26
454,Pear - Packum,,FALSE,24.38,,8,null,2017-01-11 14:43:37,2021-10-22 21:39:33,10,26
455,Garbage Bags - Black,,TRUE,10.14,,49,null,2016-01-11 03:46:45,2021-08-14 22:02:24,1,69
456,Beef - Tender Tips,,FALSE,21.81,,7,null,2014-05-17 09:27:18,2021-04-06 22:30:29,10,36
457,Steampan - Lid For Half Size,,TRUE,30.69,,8,null,2020-11-12 17:58:53,2021-07-01 16:10:07,1,53
458,Puree - Strawberry,,TRUE,17.11,,46,null,2018-04-18 08:57:22,2021-05-17 08:26:19,1,9
459,Soup Knorr Chili With Beans,,TRUE,48.9,,42,null,2017-11-23 07:03:37,2021-10-17 11:09:07,10,27
460,"Cake Circle, Foil, Scallop",,FALSE,35.98,,19,null,2015-08-14 00:32:17,2021-05-23 14:10:58,10,62
461,Lobak,,TRUE,27.73,,7,null,2017-10-19 11:22:26,2021-02-16 18:36:34,4,29
462,Cookie Dough - Chunky,,TRUE,42.44,,24,null,2012-01-03 15:04:26,2021-02-19 08:45:49,4,3
463,Energy Drink Bawls,,FALSE,37.4,,14,null,2018-09-08 13:07:45,2021-02-10 08:32:24,10,96
464,"Basil - Dry, Rubbed",,TRUE,2.8,,24,null,2011-06-01 08:37:05,2021-11-01 21:21:08,1,15
465,Cheese - Bakers Cream Cheese,,FALSE,47.63,,14,null,2021-08-06 06:51:58,2021-09-03 19:21:14,8,32
466,"Brownies - Two Bite, Chocolate",,TRUE,29.3,,45,null,2018-12-31 06:21:54,2021-08-12 15:00:24,8,74
467,"Soup - Canadian Pea, Dry Mix",,FALSE,27.36,,31,null,2018-10-04 01:48:18,2021-06-24 21:25:09,10,72
468,Ice Cream Bar - Hageen Daz To,,TRUE,9.28,,44,null,2016-01-13 17:06:23,2021-05-02 16:37:59,9,31
469,Beef - Diced,,FALSE,47.84,,50,null,2020-07-17 23:34:01,2021-09-22 04:39:17,6,91
470,"Stock - Beef, Brown",,TRUE,31.34,,15,null,2018-12-14 18:31:24,2021-07-10 12:00:21,1,54
471,Mace Ground,,FALSE,15.72,,34,null,2016-12-02 13:49:01,2021-02-01 05:28:38,6,33
472,Skewers - Bamboo,,FALSE,9.98,,39,null,2014-03-06 14:53:48,2021-11-19 06:27:18,4,35
473,Myers Planters Punch,,FALSE,15.21,,40,null,2018-05-16 13:12:47,2021-02-06 16:34:14,8,20
474,Sauce - Oyster,,FALSE,34.55,,31,null,2020-09-21 20:08:13,2021-12-17 16:17:36,2,66
475,Mushroom - Chanterelle Frozen,,TRUE,10.86,,11,null,2014-04-06 20:42:59,2021-01-26 06:41:02,9,2
476,Beer - Labatt Blue,,FALSE,29.02,,16,null,2011-12-20 23:02:56,2021-09-22 09:45:01,8,14
477,Crackers Cheez It,,TRUE,2.67,,22,null,2019-08-06 05:14:06,2021-09-28 14:18:05,6,59
478,Garlic,,FALSE,17.53,,40,null,2013-11-27 20:14:07,2021-03-30 21:22:05,6,51
479,Caviar - Salmon,,FALSE,34.09,,2,null,2019-12-21 00:00:01,2021-03-30 01:14:01,4,31
480,"Coke - Classic, 355 Ml",,FALSE,49.82,,33,null,2019-09-08 06:40:35,2021-12-21 08:24:03,3,46
481,Sauce Tomato Pouch,,FALSE,13.42,,7,null,2019-08-07 16:07:44,2021-03-20 15:21:10,4,10
482,Marjoram - Fresh,,FALSE,18.66,,28,null,2019-12-25 12:45:56,2021-07-28 01:28:54,4,64
483,Gloves - Goldtouch Disposable,,FALSE,19.4,,42,null,2013-08-12 12:09:09,2021-12-21 11:50:27,4,47
484,Ice Cream Bar - Oreo Cone,,TRUE,35.39,,16,null,2020-01-18 09:01:06,2021-12-05 20:30:47,9,49
485,Triple Sec - Mcguinness,,TRUE,44.68,,31,null,2013-03-20 01:19:40,2021-06-30 19:08:35,3,54
486,Herb Du Provence - Primerba,,FALSE,30.66,,48,null,2015-04-07 21:40:00,2021-09-22 22:07:01,1,76
487,"Pork - Back, Long Cut, Boneless",,FALSE,29.54,,50,null,2019-07-18 02:33:19,2021-04-28 06:39:36,10,78
488,Sugar Thermometer,,FALSE,44.96,,48,null,2018-09-08 10:50:06,2021-04-15 21:07:07,2,84
489,"Beef - Cooked, Corned",,FALSE,1.96,,47,null,2016-05-28 22:21:39,2021-08-03 02:32:52,2,85
490,Shrimp - Tiger 21/25,,TRUE,42.97,,25,null,2021-07-24 10:09:05,2021-01-27 10:53:04,2,50
491,Nantucket - 518ml,,TRUE,47.58,,4,null,2016-10-06 22:46:09,2021-07-10 16:53:32,6,71
492,Longos - Penne With Pesto,,FALSE,23.83,,20,null,2018-02-21 04:09:08,2021-03-02 15:31:31,2,75
493,Dish Towel,,FALSE,49.76,,3,null,2014-09-19 09:45:20,2021-02-22 01:45:37,10,32
494,Relish,,FALSE,43.03,,15,null,2016-10-23 20:26:23,2021-12-04 03:06:34,10,32
495,Energy Drink - Redbull 355ml,,TRUE,19.18,,25,null,2011-10-07 02:56:06,2021-05-29 15:26:35,3,57
496,Soap - Mr.clean Floor Soap,,TRUE,48.19,,21,null,2013-11-27 08:39:00,2021-03-20 19:40:04,10,12
497,Wine - Chenin Blanc K.w.v.,,TRUE,21.73,,46,null,2018-02-16 20:21:12,2021-09-14 20:28:37,2,76
498,Plate Foam Laminated 9in Blk,,FALSE,19.89,,3,null,2011-05-22 11:33:24,2021-02-20 22:55:18,1,5
499,"Star Anise, Whole",,FALSE,14.44,,16,null,2016-11-06 10:13:28,2021-05-29 16:24:56,6,58
500,Wine - Charddonnay Errazuriz,,TRUE,9.77,,14,null,2012-12-04 00:33:38,2021-08-31 21:55:17,2,97
501,Turnip - White,,TRUE,48.48,,36,null,2014-02-20 03:59:36,2021-01-27 10:51:38,10,20
502,Cornstarch,,FALSE,42.05,,33,null,2019-10-02 15:56:06,2021-06-03 17:46:09,3,66
503,"Apple - Delicious, Golden",,FALSE,10.75,,48,null,2020-12-24 15:18:58,2021-05-19 13:40:19,5,57
504,Beef Ground Medium,,TRUE,16.54,,38,null,2017-08-21 03:58:31,2021-10-28 01:44:16,7,12
505,Coffee - 10oz Cup 92961,,FALSE,25.12,,24,null,2019-08-31 23:04:47,2021-11-26 03:09:54,9,39
506,"Zucchini - Mini, Green",,TRUE,7.3,,9,null,2020-12-01 13:23:45,2021-09-30 00:07:35,9,43
507,Wine - Vovray Sec Domaine Huet,,FALSE,36.46,,18,null,2015-03-31 19:09:58,2021-05-20 02:13:33,5,46
508,Cheese Cloth No 60,,FALSE,36.6,,46,null,2014-06-22 23:38:53,2021-05-29 15:12:16,9,1
509,Squash - Butternut,,TRUE,26.79,,21,null,2021-08-11 16:20:12,2021-09-30 14:21:52,2,15
510,Juice - Apple 284ml,,FALSE,28.51,,39,null,2012-02-24 23:15:07,2021-10-17 02:06:08,4,40
511,Apricots - Dried,,FALSE,11.44,,11,null,2014-12-22 20:13:51,2021-10-10 02:33:40,7,48
512,Pastry - Trippleberry Muffin - Mini,,FALSE,45.46,,24,null,2019-10-20 23:46:06,2021-11-07 18:26:45,10,41
513,Bowl 12 Oz - Showcase 92012,,TRUE,41.63,,48,null,2012-02-05 07:42:09,2021-07-01 20:49:49,3,44
514,Isomalt,,FALSE,35.69,,10,null,2021-09-23 23:52:37,2021-10-18 20:43:17,4,81
515,Wine - Shiraz Wolf Blass Premium,,TRUE,38.1,,32,null,2018-09-22 19:21:34,2021-10-18 19:40:23,10,85
516,Pickerel - Fillets,,FALSE,9.38,,34,null,2020-12-18 09:37:11,2021-06-25 08:21:39,10,4
517,Coffee Cup 8oz 5338cd,,TRUE,6.57,,39,null,2015-03-31 19:47:52,2021-10-07 09:46:08,10,90
518,"Soup - Knorr, Chicken Noodle",,FALSE,32.97,,16,null,2013-09-22 02:45:38,2021-11-09 13:38:15,2,87
519,"Beans - Turtle, Black, Dry",,TRUE,39.04,,27,null,2016-01-22 01:45:35,2021-05-02 14:16:52,4,56
520,Flower - Carnations,,FALSE,49.9,,30,null,2015-08-30 12:44:38,2021-02-04 07:21:13,4,70
521,Wine - Ej Gallo Sonoma,,TRUE,21.45,,17,null,2014-07-12 09:34:24,2021-02-20 20:30:43,2,24
522,"Pepper - Black, Ground",,FALSE,31.68,,5,null,2013-06-01 22:08:39,2021-10-29 04:50:47,2,20
523,Carbonated Water - Blackcherry,,FALSE,3.55,,49,null,2021-01-13 12:12:52,2021-11-11 17:42:23,5,15
524,Plate Pie Foil,,FALSE,12.71,,20,null,2013-10-10 10:59:13,2021-05-01 09:51:05,8,89
525,Nantucket - Carrot Orange,,FALSE,9.16,,35,null,2011-04-20 02:18:04,2021-11-25 19:39:24,10,18
526,Wine - Cousino Macul Antiguas,,FALSE,32.54,,14,null,2012-06-26 19:13:50,2021-10-12 03:11:07,4,5
527,Wine - Redchard Merritt,,FALSE,16.99,,20,null,2016-01-02 19:57:01,2022-01-13 12:16:15,10,31
528,Island Oasis - Mango Daiquiri,,TRUE,41.65,,5,null,2013-12-24 21:08:39,2021-04-03 08:16:26,3,5
529,Flounder - Fresh,,FALSE,17.36,,28,null,2016-05-15 13:27:56,2021-05-15 10:10:14,3,72
530,Peppercorns - Pink,,TRUE,46.99,,9,null,2017-03-05 03:20:34,2021-11-28 21:16:06,1,23
531,Squid - Breaded,,FALSE,22.38,,22,null,2012-10-31 09:17:05,2021-07-06 11:57:50,2,13
532,Venison - Liver,,FALSE,30.24,,22,null,2017-07-10 09:09:17,2021-07-26 11:35:35,3,11
533,Sesame Seed Black,,FALSE,34.07,,24,null,2021-11-21 10:25:28,2021-02-16 03:09:50,8,68
534,Longos - Lasagna Veg,,FALSE,18.89,,10,null,2020-07-12 19:49:39,2021-02-05 03:41:04,5,53
535,Latex Rubber Gloves Size 9,,TRUE,38.83,,20,null,2021-10-27 10:04:21,2021-06-10 09:52:28,7,47
536,Bread - Corn Muffaleta Onion,,TRUE,27.91,,25,null,2021-08-12 02:28:04,2021-12-05 14:00:47,6,98
537,Sauce - Salsa,,FALSE,47.49,,22,null,2013-05-16 18:00:58,2021-08-21 14:43:41,2,20
538,Lamb Leg - Bone - In Nz,,FALSE,34.98,,36,null,2019-07-01 23:50:34,2022-01-24 21:21:34,7,99
539,Tequila - Sauza Silver,,FALSE,9.57,,25,null,2018-01-28 03:02:09,2022-01-09 10:12:22,5,32
540,"Oil - Food, Lacquer Spray",,FALSE,15.17,,13,null,2021-01-17 06:02:28,2021-03-07 14:53:32,10,93
541,Coffee - 10oz Cup 92961,,TRUE,14.58,,47,null,2011-06-12 21:34:39,2022-01-12 13:57:42,6,93
542,Cheese - Victor Et Berthold,,TRUE,37.88,,35,null,2018-07-07 19:00:39,2021-05-23 23:36:10,4,6
543,Graham Cracker Mix,,TRUE,25.04,,12,null,2021-08-29 01:45:07,2021-06-28 04:35:24,10,42
544,Duck - Legs,,FALSE,21.55,,31,null,2015-11-28 06:38:01,2021-04-30 10:43:13,8,57
545,Water - Spring Water 500ml,,FALSE,45.81,,6,null,2020-06-16 03:43:18,2021-10-03 15:22:38,7,97
546,Lumpfish Black,,FALSE,32.31,,36,null,2013-04-30 07:23:12,2021-11-14 04:27:01,9,63
547,Wine - Placido Pinot Grigo,,TRUE,10.37,,5,null,2017-03-03 12:32:00,2021-02-15 19:22:37,5,93
548,Rosemary - Dry,,TRUE,23.34,,3,null,2015-04-04 04:32:02,2021-05-31 03:56:17,8,13
549,Nori Sea Weed - Gold Label,,TRUE,37.76,,28,null,2021-06-30 21:26:05,2021-12-17 01:34:18,4,12
550,Soupcontfoam16oz 116con,,TRUE,24.92,,41,null,2019-12-31 22:57:58,2021-03-31 16:24:37,10,16
551,Sole - Iqf,,FALSE,10.76,,20,null,2022-01-12 05:38:56,2021-07-31 21:55:52,10,94
552,"Fish - Artic Char, Cold Smoked",,FALSE,2.49,,6,null,2016-03-30 22:36:56,2022-01-23 18:21:11,5,2
553,Lettuce Romaine Chopped,,FALSE,35.61,,4,null,2012-04-25 04:10:23,2021-09-03 16:19:55,1,18
554,Skirt - 24 Foot,,FALSE,5.72,,6,null,2015-03-26 17:38:34,2021-06-28 13:04:57,4,96
555,Apricots Fresh,,FALSE,23.47,,15,null,2021-04-11 05:33:29,2021-02-24 10:35:17,5,38
556,Spring Roll Veg Mini,,TRUE,26.05,,7,null,2018-06-19 03:44:52,2021-05-19 02:35:34,5,60
557,"Turkey - Breast, Smoked",,FALSE,45.45,,42,null,2021-02-19 05:36:46,2021-07-02 05:22:53,8,84
558,Sausage - Breakfast,,TRUE,37.62,,13,null,2019-11-23 18:59:36,2021-07-10 13:16:33,4,14
559,Jerusalem Artichoke,,TRUE,48.74,,32,null,2015-01-22 04:37:40,2021-03-28 08:30:38,4,13
560,Juice - Lagoon Mango,,FALSE,42.21,,8,null,2018-12-29 14:09:59,2021-03-28 09:33:03,4,50
561,Longos - Grilled Veg Sandwiches,,TRUE,5.48,,6,null,2018-04-30 18:51:48,2021-10-09 20:55:59,7,31
562,Savory,,FALSE,31.34,,43,null,2015-11-10 03:25:05,2021-08-15 02:15:16,1,66
563,Melon - Honey Dew,,FALSE,48.71,,4,null,2021-01-15 13:32:43,2021-08-29 22:53:44,6,94
564,Calypso - Black Cherry Lemonade,,FALSE,45.47,,44,null,2020-09-27 06:57:56,2021-03-05 05:25:23,6,47
565,Dr. Pepper - 355ml,,TRUE,25.94,,32,null,2015-10-08 19:40:46,2021-03-27 16:55:17,7,35
566,Ecolab - Mikroklene 4/4 L,,TRUE,8.89,,32,null,2020-07-28 19:25:42,2021-11-12 23:05:03,5,36
567,Sauerkraut,,TRUE,18.86,,40,null,2018-08-20 08:36:29,2021-11-05 10:34:05,9,35
568,Bar Special K,,FALSE,10.18,,3,null,2012-10-06 02:20:35,2021-04-22 03:34:30,10,29
569,Beer - Upper Canada Lager,,FALSE,25.54,,40,null,2021-01-11 04:37:22,2022-01-04 09:52:12,10,98
570,Ketchup - Tomato,,TRUE,38.36,,18,null,2019-08-01 19:53:17,2021-09-27 10:50:30,5,45
571,Tarts Assorted,,TRUE,32.07,,35,null,2022-01-11 14:07:48,2021-09-23 21:18:18,5,55
572,Pork - Smoked Kassler,,FALSE,7.8,,38,null,2016-07-20 06:48:22,2021-06-12 23:43:11,4,16
573,Oil - Peanut,,FALSE,26.21,,11,null,2019-04-03 05:10:29,2021-04-17 12:45:52,9,38
574,Oil - Peanut,,TRUE,11.96,,33,null,2016-09-18 03:38:46,2021-03-22 07:46:10,8,70
575,Hersey Shakes,,TRUE,15.4,,45,null,2014-03-02 02:42:06,2021-06-14 06:46:57,2,56
576,Quail - Jumbo,,TRUE,40.36,,9,null,2017-02-26 13:54:45,2021-05-29 17:34:25,10,27
577,Tea - Lemon Green Tea,,FALSE,28.44,,22,null,2015-09-13 15:33:33,2021-04-29 02:53:11,3,41
578,Cheese - Parmesan Cubes,,FALSE,12.83,,4,null,2018-07-22 01:28:13,2021-11-18 23:27:10,3,19
579,Rice Paper,,FALSE,21.99,,28,null,2012-08-04 03:06:58,2021-06-09 10:01:58,3,22
580,"Cheese - Cheddar, Mild",,FALSE,45.82,,35,null,2021-02-10 06:15:54,2021-09-11 08:04:26,1,5
581,Island Oasis - Lemonade,,TRUE,23.85,,12,null,2018-09-29 00:39:12,2021-03-24 02:26:59,2,30
582,Pepper - Roasted Red,,TRUE,18.48,,20,null,2020-08-24 17:38:19,2021-09-01 23:55:38,7,43
583,"Wine - White, Cooking",,FALSE,22.16,,18,null,2011-08-06 19:22:18,2021-06-05 15:48:02,6,48
584,Ginger - Pickled,,FALSE,25.99,,8,null,2016-07-10 19:31:42,2021-03-24 11:39:03,5,81
585,Parsnip,,TRUE,12.54,,23,null,2011-04-28 02:44:37,2021-11-24 13:34:06,6,45
586,Duck - Whole,,TRUE,33.65,,50,null,2013-01-28 16:40:34,2021-06-11 13:43:07,6,60
587,Coffee - Decafenated,,TRUE,48.69,,17,null,2017-02-07 15:10:55,2021-11-20 22:53:41,4,70
588,Cheese - Gorgonzola,,FALSE,30.03,,19,null,2015-07-17 00:20:40,2021-05-20 07:21:16,1,32
589,Coffee - Cafe Moreno,,FALSE,48.85,,49,null,2012-04-26 08:24:44,2021-07-12 18:51:03,4,14
590,Parsley Italian - Fresh,,FALSE,9.24,,12,null,2021-11-24 12:59:04,2021-09-12 10:32:03,3,55
591,Bread - White Mini Epi,,FALSE,36.45,,3,null,2012-08-10 22:14:45,2021-07-08 05:53:03,8,88
592,"Cheese - Havarti, Roasted Garlic",,TRUE,41.68,,32,null,2017-09-23 10:50:07,2021-12-25 19:27:12,8,29
593,"Fish - Halibut, Cold Smoked",,FALSE,42.17,,45,null,2012-01-24 16:23:28,2021-06-07 22:00:01,1,91
594,Steamers White,,TRUE,1.7,,25,null,2018-07-08 13:28:48,2021-09-15 18:35:33,6,19
595,Pop - Club Soda Can,,FALSE,48.95,,50,null,2018-06-27 00:29:17,2021-08-06 19:05:40,4,14
596,"Pasta - Orzo, Dry",,FALSE,35.92,,9,null,2014-12-31 20:07:57,2021-12-28 13:15:23,5,11
597,"Ecolab - Orange Frc, Cleaner",,FALSE,16.92,,21,null,2018-05-23 08:22:32,2021-05-26 18:03:23,2,52
598,"Shrimp - Baby, Warm Water",,TRUE,7.99,,31,null,2019-04-26 10:37:56,2021-04-29 15:20:45,3,71
599,"Pineapple - Canned, Rings",,FALSE,17.73,,45,null,2019-06-18 00:23:51,2021-05-29 20:35:09,7,49
600,Honey - Comb,,TRUE,16.34,,46,null,2018-06-03 08:54:49,2021-07-22 01:59:14,8,18
601,Duck - Legs,,FALSE,33.86,,26,null,2021-11-23 05:52:37,2021-11-20 03:56:04,8,82
602,Coffee - Flavoured,,TRUE,21.7,,38,null,2014-03-18 05:37:06,2022-01-01 04:58:06,6,87
603,Turkey - Ground. Lean,,TRUE,17.39,,34,null,2021-07-20 17:22:42,2022-01-08 22:41:45,2,63
604,Cabbage - Savoy,,FALSE,19.83,,22,null,2017-10-03 17:17:14,2021-05-30 18:07:04,4,71
605,"Beans - Kidney, Red Dry",,FALSE,45.25,,9,null,2012-04-07 09:08:57,2021-09-24 02:27:16,4,95
606,Molasses - Fancy,,TRUE,31.51,,33,null,2014-09-06 19:49:32,2021-10-25 04:55:29,10,52
607,Truffle Cups Green,,FALSE,8.35,,29,null,2019-09-06 15:32:27,2021-05-24 06:37:37,8,99
608,Shrimp - 150 - 250,,FALSE,38.77,,22,null,2017-05-22 20:23:12,2021-05-24 00:39:50,4,19
609,Muffin Hinge 117n,,TRUE,48.1,,34,null,2015-07-14 02:13:34,2021-02-06 13:02:47,5,75
610,Boogies,,FALSE,21.22,,32,null,2020-01-30 23:40:50,2021-05-07 05:55:38,6,94
611,Fib N9 - Prague Powder,,FALSE,3.22,,35,null,2014-11-08 19:09:10,2021-11-22 05:47:55,9,10
612,Coffee Caramel Biscotti,,FALSE,47.62,,44,null,2014-04-02 07:42:29,2021-02-17 15:43:49,10,64
613,Pasta - Agnolotti - Butternut,,TRUE,13.78,,16,null,2014-01-24 16:32:35,2021-05-03 15:26:30,7,18
614,Bread - Petit Baguette,,TRUE,28.74,,6,null,2017-03-25 17:59:36,2021-03-05 22:17:51,3,77
615,Ice Cream Bar - Drumstick,,FALSE,22.51,,48,null,2014-08-31 09:05:03,2021-09-09 13:31:31,2,11
616,Corn Shoots,,TRUE,38.44,,2,null,2018-08-09 01:22:48,2021-06-15 00:32:47,5,3
617,Eggs - Extra Large,,FALSE,28.36,,9,null,2018-05-20 05:10:09,2021-06-21 11:48:52,8,7
618,"Pasta - Lasagna, Dry",,FALSE,36.7,,11,null,2015-05-21 10:33:33,2021-05-21 03:51:47,9,42
619,Rice Paper,,FALSE,16.73,,42,null,2021-03-23 14:36:47,2021-07-10 00:32:43,2,48
620,Cactus Pads,,TRUE,31.94,,39,null,2020-03-20 17:22:11,2021-10-23 01:52:24,5,55
621,Soup - Campbells Mushroom,,FALSE,7.73,,34,null,2015-07-06 02:32:23,2021-09-29 00:46:54,7,95
622,"Cheese - Brie, Triple Creme",,TRUE,27.32,,45,null,2021-06-24 06:15:11,2021-08-30 17:51:45,9,37
623,Scallop - St. Jaques,,FALSE,16.79,,41,null,2013-12-12 09:23:15,2021-11-07 14:42:26,7,80
624,Wine - Casablanca Valley,,TRUE,23.02,,23,null,2012-12-29 21:48:14,2021-09-13 08:06:01,4,5
625,Alize Red Passion,,FALSE,40.85,,18,null,2011-03-13 19:47:13,2022-01-02 22:14:41,8,31
626,"Pasta - Tortellini, Fresh",,TRUE,30.35,,22,null,2018-09-16 16:47:48,2021-04-22 07:24:22,6,79
627,Wine - Domaine Boyar Royal,,TRUE,21.87,,3,null,2022-01-05 10:16:42,2021-07-19 04:24:03,10,30
628,Sage - Ground,,FALSE,35.64,,5,null,2017-12-22 00:19:57,2021-03-05 03:21:01,6,41
629,Cheese - Montery Jack,,TRUE,41.75,,2,null,2013-09-27 18:48:32,2021-06-18 09:07:05,6,25
630,Jolt Cola - Electric Blue,,TRUE,35.02,,43,null,2014-10-28 23:38:44,2021-03-04 03:49:34,9,25
631,Breakfast Quesadillas,,TRUE,24.11,,1,null,2012-04-16 18:27:17,2021-10-23 22:17:58,7,71
632,Bacardi Raspberry,,FALSE,37.85,,15,null,2016-02-17 11:46:42,2021-09-12 18:44:25,7,89
633,Beer - Heinekin,,TRUE,36.33,,45,null,2017-07-13 02:18:33,2021-03-22 07:42:58,10,71
634,"Chilli Paste, Sambal Oelek",,FALSE,21.41,,17,null,2011-06-03 12:17:26,2022-01-13 18:11:22,7,62
635,Sauce - Alfredo,,FALSE,6.1,,34,null,2016-08-02 02:01:24,2021-03-03 03:16:32,10,52
636,Butter Sweet,,FALSE,43.16,,19,null,2013-01-13 10:30:45,2021-11-15 00:00:21,8,90
637,Bread - French Baquette,,TRUE,40.34,,25,null,2013-12-31 12:34:35,2021-12-24 03:55:58,4,6
638,Paper - Brown Paper Mini Cups,,TRUE,30.03,,19,null,2019-10-10 07:12:08,2021-05-27 10:28:16,10,11
639,"Mustard - Dry, Powder",,FALSE,20.82,,22,null,2016-02-23 10:20:36,2021-06-30 12:27:33,6,17
640,Bag - Clear 7 Lb,,FALSE,5.67,,16,null,2017-12-05 16:41:41,2021-05-24 21:35:10,9,15
641,Shark - Loin,,TRUE,14.61,,29,null,2015-08-02 10:20:39,2021-02-26 10:26:46,6,10
642,Lotus Leaves,,TRUE,30.39,,48,null,2014-01-29 04:52:35,2021-03-03 09:33:45,4,30
643,Vinegar - White Wine,,TRUE,40.03,,36,null,2021-06-19 20:40:17,2021-04-27 01:47:46,2,65
644,Wine - Chianti Classico Riserva,,FALSE,36.79,,31,null,2011-05-12 12:19:31,2021-06-05 03:07:06,5,20
645,Puff Pastry - Slab,,FALSE,3.04,,10,null,2020-02-27 00:01:30,2022-01-01 14:59:45,1,49
646,Salmon - Fillets,,FALSE,25.67,,49,null,2017-12-14 06:56:51,2021-04-08 15:57:30,7,98
647,Bread Base - Toscano,,TRUE,47.61,,50,null,2014-11-30 03:08:25,2021-11-01 05:58:57,4,1
648,Cranberries - Fresh,,FALSE,10.52,,45,null,2015-12-07 14:27:52,2021-01-27 18:51:49,7,30
649,Blackberries,,TRUE,25.04,,43,null,2015-07-12 08:11:10,2021-12-15 15:41:25,8,78
650,Pur Value,,TRUE,22.56,,48,null,2018-10-16 05:31:44,2021-06-24 12:31:27,10,75
651,Jerusalem Artichoke,,FALSE,10.06,,39,null,2017-08-31 00:32:42,2021-06-28 16:22:00,7,21
652,"Wine - Red, Pinot Noir, Chateau",,TRUE,3.36,,5,null,2016-05-24 05:53:39,2021-11-11 10:54:15,2,12
653,Chicken Breast Wing On,,FALSE,1.03,,17,null,2021-09-29 20:14:56,2021-11-06 20:09:42,3,53
654,Icecream - Dstk Strw Chseck,,FALSE,19.59,,28,null,2013-09-27 16:24:12,2021-04-29 19:42:10,4,46
655,Lamb Shoulder Boneless Nz,,TRUE,36.83,,48,null,2020-09-14 04:14:56,2021-09-11 09:04:45,3,73
656,Gingerale - Diet - Schweppes,,FALSE,31.78,,12,null,2011-10-25 20:08:36,2021-02-05 15:16:35,2,71
657,Pepper Squash,,TRUE,38.42,,4,null,2021-08-09 20:00:34,2021-09-30 13:38:44,2,65
658,Beef Cheek Fresh,,TRUE,23.28,,20,null,2012-07-29 14:08:36,2021-11-08 21:04:07,6,73
659,Potatoes - Peeled,,FALSE,24.99,,22,null,2017-03-08 18:36:16,2021-10-31 06:03:04,3,25
660,"Lobster - Baby, Boiled",,TRUE,10.61,,38,null,2015-04-29 06:48:34,2021-07-13 13:35:22,9,7
661,Dried Figs,,FALSE,39.77,,20,null,2020-11-13 12:23:46,2021-11-24 08:36:35,4,74
662,"Beef - Chuck, Boneless",,FALSE,40.41,,45,null,2013-06-13 06:52:41,2021-02-07 02:29:15,2,12
663,"Ecolab - Orange Frc, Cleaner",,TRUE,28.15,,8,null,2012-06-07 07:26:49,2021-12-04 14:08:21,2,97
664,Kirsch - Schloss,,TRUE,38.89,,28,null,2014-06-13 10:34:58,2021-05-17 00:07:05,6,43
665,Sauce - Mint,,FALSE,4.96,,46,null,2016-12-19 17:24:36,2022-01-22 10:07:51,9,83
666,Mix - Cocktail Strawberry Daiquiri,,TRUE,8.78,,50,null,2015-03-12 17:20:59,2022-01-02 18:18:21,1,97
667,Wine - Sake,,FALSE,36.36,,6,null,2016-09-09 16:01:28,2021-02-06 07:30:17,5,36
668,Yeast Dry - Fermipan,,TRUE,19.39,,11,null,2016-06-07 20:43:59,2021-10-15 09:52:13,2,44
669,Wine - Lou Black Shiraz,,FALSE,39.61,,7,null,2011-11-02 12:38:22,2021-06-10 12:48:05,7,84
670,Jello - Assorted,,TRUE,2.04,,29,null,2018-01-06 10:28:19,2021-08-02 18:27:23,9,19
671,Beef - Kobe Striploin,,TRUE,49.28,,15,null,2017-03-25 19:43:40,2021-12-23 18:58:33,8,34
672,Cheese - Pied De Vents,,TRUE,48.9,,30,null,2018-07-26 02:51:35,2021-12-29 05:49:47,7,6
673,Snails - Large Canned,,TRUE,42.82,,31,null,2016-02-21 22:14:38,2021-02-26 07:13:04,7,18
674,Beer - Blue Light,,FALSE,37.22,,22,null,2016-08-24 11:40:37,2021-08-24 09:00:01,10,35
675,Raspberries - Fresh,,TRUE,40.73,,20,null,2015-01-18 03:30:38,2021-07-25 11:41:13,5,35
676,Wine - Riesling Dr. Pauly,,TRUE,1.54,,29,null,2017-07-11 17:59:33,2021-10-22 02:10:24,4,56
677,Milk 2% 500 Ml,,FALSE,10.7,,7,null,2016-04-20 01:59:40,2021-03-29 05:49:51,5,79
678,"Soup - Knorr, Country Bean",,FALSE,6.84,,17,null,2017-10-15 07:20:43,2021-08-24 10:34:54,8,65
679,"Pepsi, 355 Ml",,TRUE,10.17,,17,null,2021-10-04 20:44:28,2021-10-31 08:10:56,8,82
680,Beef - Striploin,,FALSE,15.71,,47,null,2016-12-17 13:41:19,2021-07-18 11:06:39,9,66
681,Yoghurt Tubes,,FALSE,14.33,,25,null,2020-04-02 09:49:57,2021-03-27 20:55:35,9,51
682,Wine - Alsace Gewurztraminer,,FALSE,25.0,,21,null,2012-10-20 17:54:13,2021-11-27 19:59:22,4,39
683,Garbage Bags - Clear,,FALSE,20.63,,38,null,2016-10-04 16:23:07,2021-12-03 11:08:56,5,99
684,"Rum - Spiced, Captain Morgan",,FALSE,27.52,,25,null,2015-03-03 06:10:12,2021-08-14 20:28:50,4,48
685,Table Cloth 90x90 Colour,,TRUE,45.83,,2,null,2011-11-13 19:48:37,2021-04-22 07:29:26,4,97
686,Ecolab - Ster Bac,,FALSE,40.27,,34,null,2013-04-06 07:33:43,2021-11-16 02:36:03,8,28
687,Wine - Bouchard La Vignee Pinot,,TRUE,1.79,,9,null,2012-10-14 10:58:26,2021-03-18 00:47:38,5,73
688,Muffins - Assorted,,FALSE,7.65,,48,null,2017-10-27 20:31:11,2021-04-02 15:04:33,5,34
689,Cocoa Powder - Natural,,FALSE,4.14,,10,null,2011-07-09 13:24:40,2021-12-04 08:17:21,10,49
690,Onions - Spanish,,TRUE,48.61,,35,null,2015-11-13 08:39:44,2022-01-24 06:55:38,6,69
691,"Pasta - Lasagne, Fresh",,FALSE,31.17,,30,null,2015-07-26 21:09:04,2022-01-02 05:12:59,7,44
692,Wine - White Cab Sauv.on,,TRUE,8.95,,44,null,2011-12-25 10:20:21,2021-03-15 12:41:23,3,30
693,"Shrimp - 21/25, Peel And Deviened",,FALSE,9.55,,37,null,2015-09-07 15:44:09,2021-07-30 23:58:50,8,85
694,Kirsch - Schloss,,TRUE,5.12,,6,null,2011-09-22 19:34:48,2021-03-03 18:04:45,7,88
695,Juice - Prune,,FALSE,20.08,,36,null,2019-08-02 23:36:31,2021-08-15 19:22:18,3,54
696,Lid Coffee Cup 8oz Blk,,FALSE,28.15,,46,null,2014-07-13 01:56:09,2021-07-04 16:28:07,5,94
697,Flavouring Vanilla Artificial,,TRUE,14.46,,24,null,2015-03-26 10:59:40,2021-10-06 10:11:12,2,18
698,Macaroons - Homestyle Two Bit,,TRUE,7.07,,10,null,2013-07-08 04:31:01,2021-03-11 16:54:59,5,76
699,Lychee - Canned,,TRUE,32.83,,27,null,2011-04-06 15:16:08,2021-03-04 04:29:16,4,4
700,Spinach - Frozen,,FALSE,15.56,,9,null,2019-07-06 07:27:15,2021-11-22 12:42:25,5,59
701,Soup - Campbells Beef Noodle,,FALSE,28.76,,42,null,2018-04-23 11:09:37,2021-07-05 22:29:06,4,3
702,"Beans - Kidney, Red Dry",,TRUE,45.75,,31,null,2016-01-27 02:03:37,2021-07-18 12:27:14,4,47
703,Taro Leaves,,TRUE,33.49,,17,null,2018-07-04 17:24:26,2021-04-06 05:42:37,10,99
704,Wine - Penfolds Koonuga Hill,,TRUE,43.36,,41,null,2020-11-18 10:54:06,2021-09-16 21:13:11,5,95
705,The Pop Shoppe - Black Cherry,,FALSE,35.19,,47,null,2020-08-15 12:25:36,2021-03-19 00:40:18,10,83
706,Sobe - Tropical Energy,,TRUE,26.64,,2,null,2017-02-05 00:00:10,2021-04-11 16:41:51,7,35
707,Bar Bran Honey Nut,,FALSE,7.25,,7,null,2016-08-05 21:10:22,2021-07-16 01:43:55,3,65
708,Fruit Mix - Light,,FALSE,34.7,,19,null,2021-05-08 14:42:14,2021-02-12 15:53:43,10,11
709,Pomegranates,,FALSE,14.92,,42,null,2018-09-15 02:19:13,2021-06-07 03:52:33,6,29
710,Kellogs Raisan Bran Bars,,FALSE,42.0,,23,null,2018-09-28 05:48:19,2021-10-16 05:32:46,7,65
711,"Onions - Dried, Chopped",,FALSE,35.62,,18,null,2013-10-13 01:54:55,2021-12-20 17:15:59,4,54
712,Pastry - Banana Tea Loaf,,FALSE,18.99,,22,null,2017-05-08 01:29:12,2021-02-14 08:04:09,5,39
713,"Soup - Knorr, Classic Can. Chili",,TRUE,33.32,,38,null,2015-01-24 19:04:04,2021-10-10 06:59:48,6,90
714,Wine - Sake,,TRUE,3.17,,4,null,2012-09-06 08:46:03,2021-01-26 12:47:51,2,66
715,"Vermacelli - Sprinkles, Assorted",,TRUE,45.14,,11,null,2013-04-21 17:53:15,2021-09-01 14:49:37,4,16
716,"Club Soda - Schweppes, 355 Ml",,FALSE,44.84,,37,null,2015-10-14 07:39:18,2021-05-06 13:38:01,9,7
717,Cup - 8oz Coffee Perforated,,FALSE,2.35,,20,null,2013-01-14 08:36:40,2021-06-08 10:34:32,9,42
718,Tomato - Plum With Basil,,FALSE,11.02,,43,null,2012-04-21 04:16:06,2021-07-25 20:59:46,1,19
719,Sauce - Chili,,FALSE,44.03,,1,null,2018-07-11 14:40:17,2021-08-26 19:56:58,1,67
720,Guinea Fowl,,FALSE,9.28,,24,null,2014-08-28 03:46:44,2021-10-25 04:00:12,8,12
721,Lentils - Green Le Puy,,FALSE,16.18,,20,null,2022-01-04 05:47:25,2021-12-20 09:14:05,1,42
722,Cheese - Pont Couvert,,FALSE,34.54,,43,null,2021-08-03 14:36:59,2021-11-18 18:49:21,10,19
723,Extract - Lemon,,TRUE,15.87,,41,null,2016-10-17 00:08:51,2022-01-06 13:01:06,2,75
724,"Shrimp - Baby, Cold Water",,TRUE,20.04,,42,null,2012-09-03 01:53:28,2021-04-21 03:02:41,2,61
725,Bay Leaf,,TRUE,19.83,,6,null,2015-06-26 04:59:01,2021-08-29 21:07:06,10,48
726,Beef - Tender Tips,,TRUE,25.99,,30,null,2017-04-11 11:38:46,2021-02-11 15:54:58,9,19
727,Steel Wool,,FALSE,20.87,,27,null,2021-03-12 22:52:42,2021-10-15 16:49:53,6,29
728,"Wine - White, Colubia Cresh",,TRUE,20.84,,47,null,2013-04-29 09:11:52,2021-12-07 02:31:14,10,69
729,Wine - Jaboulet Cotes Du Rhone,,FALSE,28.0,,44,null,2015-10-12 19:06:02,2021-12-01 01:45:05,9,9
730,"Veal - Leg, Provimi - 50 Lb Max",,FALSE,47.65,,47,null,2020-03-04 21:13:34,2021-06-13 21:06:25,7,62
731,Cookies - Englishbay Chochip,,TRUE,13.93,,46,null,2020-06-27 20:45:20,2021-10-14 06:36:33,1,91
732,V8 Splash Strawberry Kiwi,,TRUE,40.22,,2,null,2015-04-26 02:42:04,2021-08-18 18:29:14,2,56
733,Gelatine Leaves - Bulk,,FALSE,24.13,,31,null,2012-06-08 17:22:39,2021-02-20 09:50:31,9,31
734,Soup - Chicken And Wild Rice,,TRUE,38.87,,28,null,2012-03-04 17:32:42,2021-10-28 12:25:28,1,82
735,Pancetta,,FALSE,42.04,,47,null,2020-08-23 07:19:19,2021-12-14 18:05:29,7,7
736,Chocolate - Chips Compound,,FALSE,7.72,,40,null,2020-03-17 02:17:31,2021-07-13 19:27:37,10,37
737,"Tray - Foam, Square 4 - S",,FALSE,30.88,,29,null,2018-11-17 03:37:26,2021-03-31 19:27:54,8,76
738,Beef - Striploin Aa,,TRUE,27.82,,18,null,2014-12-26 20:03:14,2021-12-31 20:12:09,8,97
739,Soup - Campbells Pasta Fagioli,,TRUE,33.49,,30,null,2019-01-11 02:22:33,2021-05-05 21:45:16,2,14
740,Lid Tray - 12in Dome,,TRUE,21.31,,41,null,2013-06-13 22:15:16,2021-05-18 06:37:44,3,18
741,Creme De Menthe Green,,TRUE,9.46,,22,null,2021-04-12 23:05:44,2021-10-07 06:22:03,5,16
742,Bar Special K,,FALSE,38.83,,21,null,2018-03-08 03:27:37,2021-07-30 00:10:20,3,78
743,Coffee Cup 12oz 5342cd,,TRUE,30.53,,10,null,2016-09-26 09:54:07,2021-05-29 13:56:20,4,50
744,Cake - Night And Day Choclate,,TRUE,7.54,,43,null,2011-06-03 05:15:51,2021-08-03 14:44:49,4,38
745,"Crab - Blue, Frozen",,FALSE,35.31,,12,null,2014-01-13 00:42:58,2021-11-09 08:32:05,2,14
746,Cream - 35%,,TRUE,14.48,,27,null,2014-06-26 03:56:44,2021-09-15 12:09:30,6,58
747,Goat - Whole Cut,,FALSE,14.23,,9,null,2015-03-13 04:39:49,2021-02-24 04:44:33,4,39
748,Energy Drink Bawls,,FALSE,30.81,,46,null,2014-10-24 14:49:31,2021-10-12 10:07:49,5,6
749,Bread - Pumpernickel,,TRUE,37.49,,21,null,2016-07-21 07:02:49,2021-03-19 07:16:32,1,98
750,Veal - Knuckle,,FALSE,35.77,,4,null,2021-01-22 01:43:08,2021-07-31 18:33:29,10,66
751,Sauce - Caesar Dressing,,TRUE,10.98,,30,null,2017-09-21 14:07:36,2021-10-11 01:13:36,4,71
752,Kaffir Lime Leaves,,TRUE,49.84,,33,null,2019-02-10 19:53:18,2021-01-29 00:07:44,6,7
753,Coffee - French Vanilla Frothy,,TRUE,40.02,,25,null,2021-08-01 10:06:53,2021-02-23 20:25:39,3,43
754,Sauce - Ranch Dressing,,TRUE,21.77,,19,null,2017-02-06 17:05:52,2021-12-30 09:50:16,5,28
755,Knife Plastic - White,,TRUE,45.24,,10,null,2012-11-24 22:05:13,2022-01-20 01:09:33,1,34
756,Cheese - Goat,,FALSE,25.02,,5,null,2014-09-26 19:53:03,2021-01-29 18:23:19,3,20
757,Wine - Penfolds Koonuga Hill,,TRUE,20.9,,23,null,2016-04-28 11:50:51,2021-02-09 15:30:21,2,79
758,Cookies Cereal Nut,,FALSE,32.32,,49,null,2013-09-01 00:37:04,2021-07-08 10:57:52,10,53
759,Eel - Smoked,,FALSE,16.37,,41,null,2021-01-21 20:43:13,2021-05-30 21:38:52,10,30
760,Mushrooms - Honey,,TRUE,39.94,,7,null,2014-12-12 21:30:36,2021-07-17 23:22:27,10,47
761,Beer - True North Strong Ale,,TRUE,43.49,,44,null,2017-10-16 07:54:31,2021-04-07 07:28:36,6,95
762,Fuji Apples,,FALSE,2.42,,41,null,2017-12-26 10:13:40,2021-06-28 03:48:26,1,49
763,Pork - Bacon Cooked Slcd,,TRUE,27.67,,43,null,2013-04-29 21:24:23,2021-08-08 13:29:07,3,78
764,"Arctic Char - Fresh, Whole",,TRUE,43.25,,12,null,2014-05-08 10:50:06,2021-11-14 13:37:49,5,25
765,Crackers - Melba Toast,,FALSE,45.6,,35,null,2012-01-30 09:32:31,2021-02-09 16:19:02,9,86
766,"Wine - Red, Wolf Blass, Yellow",,FALSE,30.51,,21,null,2018-11-08 21:48:00,2021-12-09 19:29:29,1,96
767,Wine - Chateau Aqueria Tavel,,TRUE,16.85,,47,null,2020-10-30 07:31:51,2021-02-14 00:52:31,1,14
768,Wheat - Soft Kernal Of Wheat,,TRUE,15.69,,21,null,2013-02-09 11:57:11,2021-10-29 10:54:34,5,37
769,Muffin - Mix - Strawberry Rhubarb,,FALSE,7.11,,43,null,2020-10-21 10:38:52,2021-05-18 04:27:48,10,41
770,Puff Pastry - Sheets,,FALSE,25.3,,23,null,2019-07-04 14:16:58,2021-03-30 08:52:27,2,50
771,Urban Zen Drinks,,TRUE,4.38,,33,null,2017-07-17 23:55:01,2021-07-28 23:37:24,6,95
772,"Pail - 4l White, With Handle",,TRUE,25.28,,10,null,2015-01-15 12:17:22,2021-09-17 19:42:09,6,7
773,Coffee - Egg Nog Capuccino,,TRUE,37.53,,31,null,2019-01-10 23:01:43,2021-08-04 20:14:47,10,68
774,Isomalt,,TRUE,29.15,,23,null,2017-06-22 08:36:58,2021-10-30 10:55:11,2,45
775,Chinese Foods - Cantonese,,FALSE,3.56,,8,null,2012-05-30 16:00:11,2021-05-18 14:19:42,10,23
776,Coffee - Decaffeinato Coffee,,FALSE,2.43,,15,null,2013-08-30 15:01:30,2021-09-09 09:18:03,5,24
777,Pears - Bosc,,TRUE,5.47,,29,null,2012-10-17 00:23:50,2021-11-26 22:18:15,9,17
778,Longos - Grilled Veg Sandwiches,,TRUE,48.29,,25,null,2018-04-05 03:21:05,2021-08-18 15:54:07,3,88
779,Vinegar - Cider,,TRUE,22.59,,23,null,2013-02-14 23:07:00,2021-02-08 00:16:12,5,32
780,Squash - Acorn,,FALSE,22.34,,6,null,2012-10-31 22:27:40,2021-02-18 00:34:42,4,69
781,Cheese - Colby,,FALSE,40.04,,15,null,2011-07-07 16:10:41,2021-02-28 09:36:06,8,85
782,Hand Towel,,FALSE,21.15,,3,null,2016-03-24 00:25:39,2021-10-04 12:10:39,8,19
783,Wiberg Cure,,FALSE,38.68,,13,null,2019-11-13 20:53:37,2021-10-11 05:02:46,1,62
784,Sour Puss - Tangerine,,FALSE,34.03,,23,null,2013-11-05 09:25:19,2021-12-08 02:44:23,7,79
785,"Pasta - Fettuccine, Dry",,FALSE,23.55,,44,null,2014-09-11 16:04:23,2022-01-01 03:27:59,2,48
786,Compound - Strawberry,,TRUE,40.5,,2,null,2011-05-02 00:21:03,2021-09-05 22:28:17,4,89
787,Beer - Pilsner Urquell,,FALSE,2.75,,4,null,2020-02-22 03:22:24,2021-04-03 10:58:05,9,1
788,Coffee Guatemala Dark,,FALSE,27.0,,36,null,2019-07-19 18:07:36,2021-10-28 09:38:03,9,42
789,Wine - Rhine Riesling Wolf Blass,,TRUE,15.65,,7,null,2013-11-29 18:07:18,2021-03-20 09:45:59,4,80
790,Sauce - Cranberry,,TRUE,48.86,,6,null,2018-09-26 23:56:09,2021-03-07 04:09:19,9,48
791,Sloe Gin - Mcguinness,,TRUE,39.25,,43,null,2019-11-03 06:41:57,2021-10-01 06:38:55,4,11
792,Chips - Miss Vickies,,TRUE,29.44,,50,null,2013-09-18 02:05:39,2021-05-28 11:46:13,5,71
793,Bread Bowl Plain,,TRUE,45.94,,33,null,2017-10-13 15:55:16,2021-04-16 02:02:04,7,76
794,Salmon - Canned,,FALSE,36.67,,26,null,2018-10-20 16:15:01,2021-10-21 21:21:05,9,94
795,Halibut - Steaks,,TRUE,47.72,,19,null,2015-07-10 18:46:35,2021-09-18 18:16:38,10,20
796,Scallops - 10/20,,TRUE,37.78,,5,null,2018-06-03 01:52:12,2021-08-29 19:47:50,8,53
797,Food Colouring - Blue,,FALSE,25.6,,30,null,2017-08-21 06:23:59,2021-12-19 12:55:30,2,68
798,"C - Plus, Orange",,FALSE,16.2,,10,null,2012-03-11 02:29:47,2021-06-16 16:45:58,6,78
799,Ice Cream Bar - Oreo Cone,,TRUE,14.59,,13,null,2013-06-23 12:54:16,2021-04-28 21:36:25,5,26
800,Puree - Pear,,FALSE,42.08,,40,null,2011-05-27 04:46:08,2021-07-14 05:05:41,6,15
801,Garam Marsala,,FALSE,27.4,,11,null,2018-03-09 08:11:13,2021-06-29 01:07:54,7,52
802,Calaloo,,TRUE,29.82,,18,null,2012-05-01 10:20:22,2022-01-24 16:40:35,8,79
803,Wine - Segura Viudas Aria Brut,,FALSE,2.86,,27,null,2021-11-15 05:39:46,2021-06-09 16:22:43,3,25
804,Turkey Tenderloin Frozen,,FALSE,30.98,,16,null,2014-01-14 14:56:52,2021-08-11 06:51:36,2,84
805,"Cup - 3.5oz, Foam",,FALSE,43.13,,11,null,2020-05-31 16:01:44,2021-05-27 04:45:01,9,31
806,Oil - Sesame,,TRUE,14.27,,12,null,2012-03-31 02:56:18,2021-08-20 06:05:41,2,59
807,Pie Filling - Cherry,,FALSE,11.46,,22,null,2012-10-27 08:57:22,2021-10-15 22:50:12,10,72
808,"Doilies - 10, Paper",,TRUE,14.55,,42,null,2018-04-17 06:08:56,2021-07-18 22:31:01,3,91
809,Squid Ink,,TRUE,23.86,,44,null,2014-08-01 15:17:12,2021-03-10 21:18:13,8,99
810,"Pasta - Lasagna Noodle, Frozen",,TRUE,18.96,,31,null,2021-01-06 06:59:40,2021-02-01 09:25:36,6,28
811,"Pasta - Canelloni, Single Serve",,TRUE,30.78,,17,null,2017-09-14 17:23:30,2021-12-11 02:19:36,8,40
812,Table Cloth 53x53 White,,TRUE,33.69,,12,null,2015-11-17 15:20:28,2021-09-04 01:20:26,6,30
813,Curry Powder,,TRUE,33.31,,12,null,2013-07-02 11:19:30,2021-02-17 05:19:24,5,8
814,"Soup - Knorr, French Onion",,TRUE,8.57,,33,null,2021-01-04 01:46:38,2021-05-10 07:54:31,6,88
815,Wine - German Riesling,,TRUE,25.19,,26,null,2014-09-13 11:53:35,2021-03-09 02:29:58,6,39
816,Lid Tray - 12in Dome,,TRUE,40.4,,1,null,2016-04-14 08:50:39,2021-07-04 04:03:05,8,77
817,Chocolate - Sugar Free Semi Choc,,TRUE,45.16,,26,null,2016-02-16 13:14:46,2021-06-24 14:30:02,6,10
818,Wine - Vineland Estate Semi - Dry,,FALSE,35.14,,15,null,2011-08-04 05:59:09,2021-05-15 06:57:19,6,70
819,Appetizer - Asian Shrimp Roll,,FALSE,1.05,,5,null,2011-06-12 01:19:10,2021-04-25 18:28:50,4,79
820,Venison - Ground,,TRUE,11.71,,30,null,2014-01-30 22:01:16,2021-09-04 13:25:39,10,11
821,Lettuce - Iceberg,,TRUE,30.52,,13,null,2018-12-16 13:32:20,2021-07-20 12:01:12,10,77
822,Milk - Skim,,TRUE,19.73,,6,null,2021-01-09 05:45:57,2021-03-26 20:04:57,1,75
823,"Nut - Pistachio, Shelled",,TRUE,22.43,,50,null,2017-10-08 09:42:17,2021-06-16 16:49:29,3,77
824,"Ice - Clear, 300 Lb For Carving",,TRUE,6.54,,49,null,2019-11-12 15:37:52,2021-08-01 23:21:01,5,23
825,Cornstarch,,TRUE,27.4,,35,null,2013-09-05 17:33:00,2021-09-22 04:23:14,10,89
826,Chicken Breast Wing On,,FALSE,5.19,,31,null,2019-07-01 18:22:57,2021-03-27 23:38:09,1,26
827,Duck - Fat,,FALSE,9.18,,19,null,2020-06-03 14:53:41,2021-06-16 06:34:53,7,54
828,Creme De Menth - White,,TRUE,3.68,,8,null,2014-10-15 11:34:20,2021-10-03 19:55:22,6,41
829,Bagel - Everything,,TRUE,26.17,,34,null,2017-04-14 14:52:04,2021-12-26 08:29:23,10,25
830,"Lid - Translucent, 3.5 And 6 Oz",,FALSE,43.14,,8,null,2020-04-08 09:38:42,2021-08-26 15:44:39,7,76
831,Lotus Rootlets - Canned,,TRUE,47.05,,3,null,2014-01-08 11:18:00,2021-05-23 13:20:23,3,80
832,Hersey Shakes,,TRUE,45.87,,5,null,2014-12-26 20:48:05,2021-04-01 08:47:57,10,91
833,Glycerine,,TRUE,4.15,,8,null,2013-06-08 20:44:13,2021-01-26 21:25:52,3,57
834,"Cake Circle, Paprus",,TRUE,46.4,,38,null,2018-12-30 04:26:23,2021-07-05 14:41:08,10,73
835,Red Cod Fillets - 225g,,TRUE,7.98,,29,null,2020-07-03 09:18:12,2021-08-23 01:10:04,7,40
836,Rice - Sushi,,TRUE,18.62,,19,null,2015-07-05 13:12:18,2021-01-31 01:26:27,4,5
837,Sage - Ground,,FALSE,8.01,,19,null,2019-03-03 02:32:40,2021-03-27 07:46:33,5,3
838,Wiberg Cure,,FALSE,26.6,,19,null,2018-06-24 11:35:20,2021-05-09 19:16:15,5,69
839,Pumpkin - Seed,,FALSE,7.02,,8,null,2011-12-10 18:42:29,2021-08-25 00:21:48,10,9
840,"Pasta - Gnocchi, Potato",,FALSE,3.89,,3,null,2014-03-24 03:31:30,2021-10-28 15:36:18,6,78
841,Salami - Genova,,FALSE,16.51,,28,null,2012-08-31 11:31:46,2021-08-13 03:37:13,5,32
842,Cake - Cake Sheet Macaroon,,FALSE,27.76,,4,null,2014-01-07 02:48:23,2021-09-06 04:25:00,1,23
843,Calypso - Pineapple Passion,,FALSE,37.51,,29,null,2013-11-17 12:43:08,2021-07-29 22:38:18,9,66
844,Ice Cream - Turtles Stick Bar,,FALSE,36.72,,22,null,2011-02-16 06:46:10,2021-02-27 22:05:25,10,12
845,Bread - Petit Baguette,,TRUE,11.53,,26,null,2018-07-24 10:53:46,2021-10-01 21:24:27,10,72
846,Jolt Cola,,TRUE,15.98,,34,null,2021-03-01 14:30:15,2021-10-29 00:43:30,5,53
847,"Doilies - 7, Paper",,FALSE,7.8,,10,null,2019-12-18 17:35:08,2021-10-05 20:07:10,7,80
848,Bay Leaf Fresh,,FALSE,12.45,,22,null,2021-03-22 07:52:25,2021-05-31 08:45:36,10,74
849,Orange - Tangerine,,FALSE,33.48,,14,null,2019-11-15 12:04:00,2021-07-03 04:31:13,5,55
850,Bagelers - Cinn / Brown,,TRUE,28.4,,46,null,2016-12-16 15:16:01,2021-08-15 10:48:21,8,22
851,"Wine - Red, Black Opal Shiraz",,FALSE,9.39,,40,null,2011-02-14 16:17:42,2021-10-16 08:20:18,2,78
852,Radish - Pickled,,TRUE,49.61,,46,null,2012-10-12 21:24:06,2021-06-30 02:43:31,5,1
853,Jello - Assorted,,FALSE,32.95,,44,null,2018-04-30 21:31:00,2021-02-21 14:57:23,8,93
854,Flour - Fast / Rapid,,TRUE,44.18,,38,null,2015-09-16 14:56:50,2021-10-29 08:38:19,4,85
855,Cookie Dough - Peanut Butter,,TRUE,6.47,,36,null,2016-01-04 20:37:10,2021-08-13 19:46:04,8,78
856,Capers - Pickled,,TRUE,44.7,,38,null,2019-12-21 19:05:01,2022-01-05 05:56:08,3,28
857,Pepper - Pablano,,TRUE,35.68,,46,null,2011-05-22 22:59:10,2022-01-17 07:17:18,1,57
858,"Fish - Halibut, Cold Smoked",,FALSE,8.82,,8,null,2012-01-14 18:40:46,2021-10-17 05:51:07,7,79
859,"Artichokes - Knobless, White",,TRUE,40.05,,20,null,2016-07-10 07:53:02,2021-06-19 16:12:50,7,29
860,Mix - Cocktail Ice Cream,,TRUE,49.08,,27,null,2015-02-14 10:06:51,2021-02-23 18:02:45,5,75
861,"Cheese - Boursin, Garlic / Herbs",,FALSE,40.89,,11,null,2015-12-16 15:47:04,2021-04-23 11:12:52,6,95
862,Chicken - Wieners,,FALSE,8.23,,8,null,2016-09-08 12:16:02,2021-07-03 17:05:14,8,48
863,Longos - Lasagna Beef,,TRUE,17.0,,33,null,2016-11-24 13:14:56,2021-10-01 00:22:50,4,2
864,Foil - 4oz Custard Cup,,FALSE,33.28,,47,null,2018-08-23 22:05:42,2021-10-11 11:10:23,10,2
865,Table Cloth 62x120 Colour,,FALSE,37.56,,10,null,2013-10-22 14:05:24,2021-10-12 23:51:00,9,26
866,Chick Peas - Dried,,TRUE,22.85,,41,null,2017-09-08 19:15:30,2021-09-15 01:28:43,7,54
867,"Soup - Beef, Base Mix",,FALSE,7.09,,13,null,2016-09-30 13:18:00,2021-03-28 22:44:42,8,58
868,Irish Cream - Butterscotch,,FALSE,44.12,,48,null,2014-11-11 20:55:15,2021-04-15 18:34:48,9,39
869,Cheese - La Sauvagine,,TRUE,38.88,,48,null,2013-04-06 04:43:50,2021-01-25 05:04:09,8,26
870,Sour Puss - Tangerine,,FALSE,43.67,,39,null,2019-05-14 02:04:54,2021-03-18 02:16:39,8,92
871,Sauce - Ranch Dressing,,FALSE,42.88,,18,null,2015-04-07 13:57:05,2021-08-26 20:24:21,8,59
872,Cilantro / Coriander - Fresh,,FALSE,29.39,,37,null,2012-08-16 10:13:14,2021-11-03 23:52:37,1,61
873,Mini - Vol Au Vents,,FALSE,12.48,,12,null,2017-11-18 15:52:38,2021-09-29 19:25:09,4,41
874,Sour Puss - Tangerine,,TRUE,35.31,,4,null,2020-12-01 17:22:54,2021-07-24 14:13:41,6,54
875,Plaintain,,TRUE,44.07,,24,null,2020-09-10 11:41:12,2021-04-12 17:52:12,7,35
876,Chicken - White Meat With Tender,,FALSE,15.42,,20,null,2013-04-02 10:41:57,2022-01-22 05:22:55,3,79
877,Compound - Mocha,,FALSE,20.86,,44,null,2020-03-01 21:29:45,2021-05-18 20:52:56,8,10
878,"Cheese - Brie, Cups 125g",,FALSE,35.05,,5,null,2018-08-06 17:16:45,2021-10-08 00:01:37,8,82
879,Transfer Sheets,,FALSE,4.92,,22,null,2014-08-28 20:31:24,2021-10-02 06:25:36,8,98
880,Soup - French Onion,,FALSE,27.57,,40,null,2012-08-01 01:50:58,2021-02-26 00:32:27,8,30
881,Lobster - Canned Premium,,TRUE,32.89,,35,null,2017-04-18 13:03:14,2021-04-26 07:08:36,4,36
882,Wine - Ej Gallo Sierra Valley,,FALSE,29.07,,42,null,2011-04-11 00:26:58,2021-04-02 00:59:08,6,50
883,Spinach - Packaged,,FALSE,12.56,,3,null,2013-04-19 01:46:45,2021-09-11 11:28:13,5,79
884,"Veal - Inside, Choice",,TRUE,12.19,,29,null,2018-03-04 10:40:21,2021-04-10 19:34:55,7,78
885,"Pasta - Linguini, Dry",,FALSE,16.73,,11,null,2013-05-22 03:50:54,2021-11-24 15:46:43,10,88
886,"Wine - Red, Lurton Merlot De",,FALSE,29.23,,21,null,2014-05-31 11:42:24,2021-08-22 11:39:19,3,74
887,Lid Tray - 12in Dome,,TRUE,27.5,,32,null,2014-10-29 14:37:33,2022-01-13 18:14:55,4,98
888,Juice - Cranberry 284ml,,TRUE,38.57,,43,null,2016-01-29 19:35:27,2021-09-25 01:55:55,2,43
889,Wine - Chateau Timberlay,,FALSE,2.83,,27,null,2019-02-18 11:09:44,2021-10-16 22:48:35,2,61
890,Pan Grease,,TRUE,30.22,,2,null,2020-04-02 20:33:56,2021-08-28 14:06:56,1,37
891,Cut Wakame - Hanawakaba,,FALSE,49.37,,5,null,2015-06-04 14:53:21,2021-10-30 23:50:28,9,15
892,"Pasta - Cannelloni, Sheets, Fresh",,TRUE,21.19,,33,null,2018-03-07 03:57:26,2021-05-27 20:26:17,3,78
893,"Beef - Ox Tongue, Pickled",,TRUE,19.17,,23,null,2021-03-31 00:05:22,2021-11-19 09:59:57,1,12
894,"Cookies - Oreo, 4 Pack",,FALSE,9.6,,11,null,2020-06-26 14:50:39,2021-05-12 01:42:01,7,20
895,Rabbit - Saddles,,TRUE,4.44,,33,null,2016-12-11 01:13:07,2021-02-27 15:07:48,4,42
896,Snapple Raspberry Tea,,FALSE,33.73,,35,null,2020-03-04 12:02:23,2021-03-23 15:51:56,1,70
897,"Soup - Knorr, French Onion",,TRUE,36.36,,18,null,2017-01-01 08:49:53,2021-04-12 13:24:02,1,29
898,Wine - Champagne Brut Veuve,,TRUE,17.26,,42,null,2019-10-16 12:26:47,2021-04-25 22:11:47,2,66
899,Wine - German Riesling,,FALSE,29.04,,36,null,2021-03-23 10:00:31,2021-03-31 21:37:06,2,14
900,"Wine - Red, Gallo, Merlot",,FALSE,33.91,,9,null,2018-04-04 02:58:50,2021-11-10 19:30:15,1,30
901,Cheese - Le Cru Du Clocher,,TRUE,21.08,,10,null,2019-11-09 00:56:23,2021-03-21 21:58:02,10,78
902,Turnip - Wax,,TRUE,14.48,,8,null,2021-10-13 04:20:10,2021-04-19 10:49:32,5,93
903,Oil - Olive Bertolli,,FALSE,10.65,,22,null,2012-05-18 12:40:01,2021-07-11 12:27:50,10,82
904,Gatorade - Lemon Lime,,FALSE,40.02,,22,null,2017-01-02 12:07:27,2022-01-06 14:33:37,4,62
905,Cake Sheet Combo Party Pack,,TRUE,28.4,,6,null,2014-02-11 12:34:59,2021-09-08 16:42:02,4,88
906,Longos - Lasagna Beef,,TRUE,17.02,,31,null,2014-06-14 04:19:26,2021-07-14 15:12:27,5,99
907,"Lid - Translucent, 3.5 And 6 Oz",,FALSE,48.11,,3,null,2014-07-09 17:10:41,2021-03-08 07:02:39,7,23
908,Wine - Mondavi Coastal Private,,TRUE,46.1,,21,null,2011-06-29 13:51:12,2021-09-13 16:20:08,8,92
909,Salmon Atl.whole 8 - 10 Lb,,TRUE,44.78,,41,null,2016-08-04 23:36:55,2021-10-07 09:00:34,5,74
910,Wine - Sawmill Creek Autumn,,TRUE,1.61,,16,null,2021-03-22 15:55:30,2021-07-06 20:56:47,3,58
911,Bread Crumbs - Japanese Style,,FALSE,22.82,,27,null,2018-04-03 05:08:03,2021-12-11 07:59:43,2,74
912,Orange Roughy 4/6 Oz,,TRUE,5.86,,45,null,2017-04-18 20:14:13,2021-06-03 23:13:52,8,93
913,"Juice - Pineapple, 341 Ml",,TRUE,4.21,,35,null,2012-08-19 00:15:54,2021-02-18 00:38:05,3,36
914,Aspic - Clear,,TRUE,39.7,,41,null,2020-08-10 15:31:09,2021-02-11 03:25:04,8,33
915,Lamb Leg - Bone - In Nz,,FALSE,47.8,,23,null,2017-11-07 21:12:58,2021-03-15 04:54:10,4,72
916,Rappini - Andy Boy,,TRUE,35.54,,16,null,2016-02-18 21:03:43,2021-06-26 00:26:27,4,42
917,"Beans - Kidney, Red Dry",,TRUE,20.32,,20,null,2017-11-22 02:21:01,2021-07-08 12:10:22,6,83
918,Dill Weed - Dry,,FALSE,46.01,,32,null,2013-11-01 10:09:24,2021-09-16 18:58:32,3,93
919,Emulsifier,,TRUE,41.72,,34,null,2016-11-23 10:39:34,2021-07-07 17:50:48,10,39
920,Nantuket Peach Orange,,FALSE,20.33,,14,null,2016-08-30 10:44:17,2021-10-20 01:29:49,5,66
921,Beef - Striploin,,TRUE,4.32,,25,null,2019-02-25 01:42:50,2021-03-31 21:24:15,7,38
922,"Leeks - Baby, White",,TRUE,33.67,,23,null,2016-05-07 09:26:29,2021-09-02 17:09:42,8,100
923,"Beef - Tenderlion, Center Cut",,FALSE,9.54,,47,null,2011-02-17 14:37:14,2021-01-30 02:28:31,1,47
924,"Pineapple - Canned, Rings",,TRUE,38.47,,35,null,2020-11-27 04:56:22,2021-08-14 19:55:22,1,29
925,Wine - Cotes Du Rhone Parallele,,FALSE,13.77,,2,null,2021-01-15 22:39:34,2021-08-12 06:42:45,5,70
926,Sauce - Oyster,,TRUE,22.93,,31,null,2018-04-06 20:45:47,2022-01-01 01:32:22,6,91
927,Lettuce - Iceberg,,FALSE,41.91,,33,null,2014-03-19 20:50:02,2021-10-15 17:55:40,6,50
928,Soup - Campbells Tomato Ravioli,,TRUE,6.2,,36,null,2020-09-09 15:36:04,2021-05-12 23:49:39,1,79
929,Goat - Whole Cut,,TRUE,49.77,,12,null,2013-04-16 02:20:31,2021-07-16 14:36:58,4,79
930,Bread - Dark Rye,,FALSE,35.3,,44,null,2017-12-13 16:56:51,2021-07-28 06:26:26,7,59
931,Rye Special Old,,FALSE,1.51,,17,null,2021-01-19 18:57:55,2022-01-06 11:04:46,8,86
932,Chicken Breast Halal,,TRUE,8.66,,23,null,2020-02-06 05:46:11,2021-09-02 08:03:49,1,86
933,Beer - Upper Canada Lager,,FALSE,47.79,,40,null,2011-02-05 18:32:39,2021-09-17 16:44:22,4,36
934,Veal - Inside,,FALSE,11.96,,23,null,2021-04-02 10:54:11,2021-05-30 13:23:07,10,21
935,Iced Tea Concentrate,,FALSE,34.1,,27,null,2013-07-01 22:57:04,2021-09-05 22:38:59,7,96
936,Coffee Decaf Colombian,,TRUE,23.23,,38,null,2020-05-07 00:01:21,2021-02-27 05:45:07,8,86
937,Monkfish Fresh - Skin Off,,TRUE,36.88,,25,null,2014-06-18 22:38:02,2021-03-02 02:02:18,4,62
938,Tuna - Salad Premix,,TRUE,28.72,,27,null,2020-05-03 14:51:22,2021-03-12 23:02:41,9,89
939,Tea - Herbal I Love Lemon,,FALSE,10.38,,42,null,2018-12-27 01:38:57,2021-03-13 23:03:43,9,21
940,Appetizer - Chicken Satay,,TRUE,3.6,,23,null,2011-02-24 04:50:14,2022-01-01 09:02:37,3,47
941,"Crush - Orange, 355ml",,FALSE,28.28,,41,null,2019-03-28 11:44:11,2021-02-22 05:52:01,3,82
942,"Chocolate - Pistoles, Lactee, Milk",,TRUE,31.01,,4,null,2020-04-12 19:52:46,2021-10-29 09:11:10,10,1
943,Sauce - Demi Glace,,TRUE,22.0,,4,null,2015-11-01 19:22:31,2021-10-27 19:06:40,8,91
944,Okra,,TRUE,36.32,,24,null,2018-12-17 21:28:38,2021-10-09 09:40:18,9,25
945,Apple - Royal Gala,,FALSE,15.74,,16,null,2018-07-28 20:40:42,2021-04-16 22:42:24,8,76
946,Macaroons - Two Bite Choc,,FALSE,14.54,,35,null,2012-05-19 06:52:31,2021-05-12 00:13:54,5,91
947,Shopper Bag - S - 4,,FALSE,21.48,,16,null,2011-07-12 16:26:12,2021-08-24 01:16:46,4,32
948,Pie Shells 10,,FALSE,26.03,,8,null,2020-03-12 23:30:17,2021-02-07 15:02:01,7,34
949,"Tart Shells - Savory, 4",,TRUE,16.22,,44,null,2021-07-28 18:23:35,2021-12-16 18:33:09,8,55
950,"Pasta - Tortellini, Fresh",,TRUE,35.2,,9,null,2017-05-26 20:54:13,2021-11-15 11:46:46,8,98
951,Oyster - In Shell,,FALSE,14.15,,28,null,2018-06-20 15:21:52,2021-12-02 12:56:30,8,8
952,Cleaner - Bleach,,TRUE,41.96,,27,null,2021-11-29 18:23:58,2021-06-20 12:41:05,10,24
953,Bread - Olive Dinner Roll,,TRUE,39.99,,21,null,2021-10-05 14:24:37,2021-09-22 18:50:28,1,75
954,The Pop Shoppe - Root Beer,,TRUE,5.38,,36,null,2011-06-07 06:56:55,2021-10-10 14:18:12,3,85
955,Bread - Mini Hamburger Bun,,FALSE,30.25,,45,null,2017-02-12 11:02:57,2021-04-02 19:06:38,2,56
956,Cranberries - Frozen,,FALSE,3.77,,5,null,2017-03-09 16:35:11,2021-09-13 16:48:42,10,93
957,Couscous,,TRUE,17.43,,12,null,2018-01-31 06:12:38,2021-02-13 05:02:53,4,10
958,Rice - Wild,,FALSE,44.29,,43,null,2021-03-22 11:53:20,2021-03-20 19:14:20,7,10
959,Tea - Mint,,TRUE,8.65,,17,null,2018-07-14 16:08:14,2021-06-23 09:52:37,6,87
960,"Beans - Navy, Dry",,FALSE,6.5,,8,null,2019-03-27 01:01:42,2021-11-25 23:03:03,1,60
961,Duck - Whole,,TRUE,24.47,,31,null,2016-09-13 22:28:40,2021-03-24 21:47:53,7,11
962,Chip - Potato Dill Pickle,,FALSE,42.91,,48,null,2012-01-31 23:39:08,2021-05-03 04:03:38,2,56
963,Orange - Tangerine,,FALSE,33.47,,19,null,2015-08-17 01:23:21,2021-05-05 08:15:10,8,56
964,"Butter - Salted, Micro",,FALSE,16.29,,26,null,2018-04-03 18:20:22,2021-08-13 03:06:10,6,75
965,Loquat,,FALSE,42.04,,22,null,2019-09-14 07:57:13,2021-03-03 00:11:50,4,24
966,Tomato Puree,,FALSE,13.26,,41,null,2020-08-07 04:41:30,2021-07-18 13:46:00,9,78
967,"Pasta - Elbows, Macaroni, Dry",,TRUE,20.44,,34,null,2016-03-05 18:20:19,2022-01-23 18:47:09,1,9
968,"Split Peas - Yellow, Dry",,FALSE,7.45,,48,null,2020-04-03 10:33:37,2021-09-30 10:54:16,9,42
969,Campari,,FALSE,18.37,,6,null,2011-09-19 07:56:00,2021-06-26 15:39:47,4,71
970,Pear - Asian,,FALSE,4.85,,10,null,2019-04-12 16:45:50,2021-04-03 00:28:10,8,81
971,Sauce - Hoisin,,TRUE,32.33,,47,null,2020-12-21 10:46:16,2022-01-19 20:55:25,6,61
972,Sugar - Palm,,FALSE,16.62,,30,null,2021-01-14 05:45:25,2021-12-31 10:36:28,8,40
973,Truffle Cups - Brown,,TRUE,36.37,,13,null,2016-08-10 02:21:00,2021-10-20 03:59:30,4,87
974,Pears - Anjou,,TRUE,17.75,,11,null,2021-11-05 04:03:35,2021-06-30 16:52:52,10,70
975,Mikes Hard Lemonade,,FALSE,30.22,,4,null,2020-03-07 03:05:14,2021-07-10 01:41:01,10,79
976,Pepper - Chili Powder,,TRUE,26.03,,41,null,2019-03-22 05:32:27,2022-01-16 19:46:56,10,58
977,"Soup - Beef, Base Mix",,TRUE,18.8,,33,null,2015-05-23 13:46:16,2021-07-12 10:49:35,5,50
978,Wine - Magnotta - Cab Franc,,FALSE,25.9,,12,null,2017-07-02 15:57:42,2021-08-21 17:47:58,8,82
979,Bread - Ciabatta Buns,,TRUE,19.21,,28,null,2014-03-05 15:15:12,2021-10-21 04:22:37,3,98
980,Longan,,FALSE,35.17,,48,null,2014-03-17 06:53:15,2021-05-11 06:42:19,4,28
981,"Tart Shells - Sweet, 2",,FALSE,22.15,,47,null,2017-01-09 03:18:00,2021-08-04 08:14:24,1,19
982,Russian Prince,,TRUE,42.55,,50,null,2019-01-07 00:29:14,2021-12-01 08:46:57,4,85
983,Island Oasis - Pina Colada,,TRUE,19.41,,11,null,2021-11-13 21:12:55,2021-05-03 20:58:48,10,53
984,Chicken - Whole,,FALSE,24.37,,13,null,2013-09-04 20:44:05,2021-06-28 23:02:26,2,62
985,Guinea Fowl,,TRUE,18.27,,15,null,2012-10-01 19:07:54,2021-10-22 02:48:02,7,26
986,"Wine - White, Riesling, Henry Of",,TRUE,10.41,,29,null,2013-05-11 08:07:06,2021-04-07 00:42:34,10,77
987,"Pepper - Paprika, Hungarian",,FALSE,39.43,,17,null,2016-12-19 10:51:16,2021-06-04 13:50:39,2,44
988,Lamb Leg - Bone - In Nz,,TRUE,45.41,,22,null,2012-11-06 11:20:02,2021-03-20 02:51:00,5,4
989,Wine - Delicato Merlot,,TRUE,20.89,,9,null,2011-09-08 09:03:52,2021-10-04 21:06:08,1,74
990,Chocolate - Milk Coating,,FALSE,3.87,,42,null,2016-10-18 10:10:38,2021-06-02 21:54:16,3,87
991,"Tart Shells - Barquettes, Savory",,TRUE,5.63,,19,null,2020-11-19 06:14:01,2021-06-08 13:56:51,8,11
992,Water - Green Tea Refresher,,FALSE,24.15,,4,null,2019-05-06 02:37:16,2021-12-18 00:43:09,8,69
993,Puff Pastry - Slab,,FALSE,49.15,,13,null,2021-11-29 19:44:35,2021-04-16 01:22:14,5,74
994,Wine - Magnotta - Cab Franc,,TRUE,23.86,,17,null,2016-12-02 11:28:32,2021-03-05 16:10:54,10,71
995,Salmon Atl.whole 8 - 10 Lb,,TRUE,5.09,,24,null,2016-05-09 09:21:31,2021-11-23 09:34:55,1,76
996,Lemon Tarts,,FALSE,33.95,,31,null,2020-10-06 10:39:05,2021-05-19 09:59:27,5,17
997,Vector Energy Bar,,TRUE,4.55,,28,null,2021-04-14 10:12:54,2021-10-01 11:09:51,9,48
998,Potatoes - Yukon Gold 5 Oz,,TRUE,38.84,,35,null,2013-07-09 23:10:05,2021-12-31 20:59:22,7,51
999,Cloves - Ground,,FALSE,3.81,,4,null,2012-03-29 23:27:22,2021-07-12 16:58:20,4,48
1000,Fish - Bones,,TRUE,35.82,,46,null,2013-02-20 03:31:29,2021-02-12 13:31:02,4,1